text,label
动力差,消极
油耗很低，操控比较好。第二箱油还没有跑完。油耗显示为5.9了，本人13年12月刚拿的本，跑出这样的油耗很满意了。,积极
乘坐舒适性,积极
最满意的不止一点：1、车内空间一流，前后排均满足使用需求，后备箱空间相当大；2、外观时尚，珠光白尤其喜欢，看起来也上档次，性价比超高！3、内饰用料在同级别车重相当厚道，很软，手感很好！,积极
空间大，相对来说舒适性较好，性比价好些。,积极
暂时还没有吧，唯一不满意的就是车身抖动的时候中控会有滋滋滋的共振的声音，不知道是不是所有308都是这样的,消极
动力，外观，通过性，非承载车身,积极
油耗真的很满意、目前算下来一公里4毛、对于这车重、这油耗还有什么想的勒？动力我也很满意、可能是我加97的关系吧、而且用的机油也是全合成的5-30的、所有动力感觉还可以,积极
非承载车身，大空间，分时四驱加差速锁,积极
外观啊，绝对秒杀百万级以下跑车，个人觉得尤其是黄色。开到大街上比100万以下的其他跑车都惹眼。每天都被路人拍照。不管男的女的这一个劲的看。,积极
没有胎压检测算了，没有定速巡航也算了，倒车雷达也没有是最不满意的，本田你差这几百元吗？,消极
这么贵贵的车没有一键升窗。有时候锁车了，忘记关窗，还得回去手动关上，甚是尴尬啊,消极
不太好的铺装路面和关了4门的时候（俩个条件必须都具备时）胎噪有点大，但可以承受。,消极
后备箱空间真的大，车的外观时尚，大气。开起来很轻松。日间行车灯太帅了。,积极
起步有劲超车有底气了，,积极
漂亮，朋友都觉得外形很不错，目前国产车属于漂亮的车车啦啦，而且比伙计买的时候多了些装潢赠送，而且都很实用，脚垫、车窗膜、拖把一大堆，验完车车交到手里就是美美的开走了,积极
油耗油耗油耗，重要的事说三遍，比起大众车油耗要高超多，大家懂滴。,消极
驾驶舒服，路感好，操作性强！中控大屏不错，蓝牙电话实用，带语音搜索，感觉非常强大！后背箱挺大，家庭用足够了！,积极
对隔音的控制外观也好看,积极
不满意的就是倒车油门太冲了，让我觉得有点危险性了。其它的都很好选择名图我没有后悔。棒棒的！最关键没有esp没有esp十几万的车没有esp有点接受不了啊,消极
油耗太高，目前基本在11、12个，希望首保后能降到19以下。新车皮子的气味太大，买了活性炭，感觉稍后会好些吧。,消极
车头能不能大气一点，内饰能不能呢个软一点，再软一点。,消极
空间大空间大，动力也说的过去，外观漂亮，内饰也不错,积极
进口车办牌手续太麻烦,消极
前排空间够大！外观比较帅气！动力强劲！省油！,积极
价格低，配置高，省油。基本市区每公里不到4毛，跑高速3毛,积极
6档自动，在这个级别的小车里确实给力；车身安全性高，空间不错，外观也漂亮；,积极
三档降二档有一点顿挫，有点被拖住的感觉！,消极
最不满意的就是后边的弹簧板套，刚开回家还行，过了有半个月可开始咯吱咯吱响，去4s了几次还是响，唉！！！,消极
作为欧版帕萨特的旅行版，空间自然是最大的亮点，除了轴距比国产迈腾短一点（无伤大雅），后备箱空间完暴迈腾；2.0t的动力350牛米，220马力，动力杠杠的，内饰做工细腻，新车毫无异味。,积极
车子起步太肉，动力小了点。,消极
动力性能无可挑剔，同价位无对手。油耗也是省的惊人。,积极
装配可靠性强，没小毛病，空间够用。,积极
后排没有空调出风口，其次副驾驶不是电动调节。,消极
性比价高、空间大、配置高、皮实耐用。,积极
好开、耐操、省心、性价比极高,积极
动力还可以，满载上坡也很容易。,积极
大灯可调、新车中挡风玻璃冲洗水中预罐了玻璃清洗剂。,积极
外观干练的线条~充满力量感的车身~还有一种优雅的气质，低调的外表下隐藏着一颗v6大心脏~,积极
车身够长，空间够大，装货方便，价格便宜。,积极
颜值大爱，无需多言；操控精准；逼格旋钮；驾驶乐趣丰富（不好意思，一共说了四点）,积极
空间大，使用灵活。,积极
载人多空间大加速对于面包车来说勉强够用,积极
隔音差，低扭发动机动力弱，手动挡没6档跑120码时速时要3100转导致发动机噪音大增油耗也随之加大，13款减配厉害，备胎不是全尺寸无所谓，就连esp都减了那就说不过去了,消极
a柱较大，影响视线，后备箱空间有限,消极
非要说不满意的地方，就是觉得离合器踏板、刹车、油门有些高，也许是新手的原因吧，不习惯。这也算是吹毛求疵吧。,消极
外观大气颜值高，回头率相当高，内饰高端大气上档次，豪车上有的配置这车上基本也都有了。,积极
车以貌取人，最满意的首先还是稍比缤智成熟的外观，更加沉稳，外观100分的满意。其次就是同级别领先的乘坐空间，使得家人可以更好的享受后排空间，再加上头顶的全景天窗，使得后排充满开扬感。,积极
油耗低对这个是要点赞的；外形时尚招靓丽年轻人比较喜欢，我就非常喜欢新奥拓的外形，男士开起也更加硬朗了；成熟的三缸发动机技术，维护保养的时候省心省事。,积极
大屏幕可以连接手机映射,积极
性价比极高，乘坐舒适，外观优雅讨喜,积极
最不满意一点吗。其实说老实话我觉得就是新款上市价格优惠太少了。不过我们做生意的也能理解、新款就是性价比最低的时候。不过我想即使过了后面便宜、可能也和途安错过缘分了。更说白了、还是缘分二字啊。,消极
舒适，没的说，氛围灯漂亮，永远过s，是我一辈子的骄傲，现在是家里的车，希望以后可以自己奋斗去拥有，因为故障a180去维修了，开过s，真的不想换回去了,积极
同等价位的也算佼佼者动力不错，起步快，提速可以，自己相当满意！,积极
速度大于80公里每小时感觉不稳定（不过这小车也算行了）,消极
侧面线条。。。侧面看小宝绝对帅~还有，在楼上自上向下看，小宝侧面也是挺帅的~中控台软塑、中控台布局、内饰无味也是相当满意的地方,积极
1.外形时尚，回头率高。2.油耗低，我这小白也能开到六点几。3.空间大，同事说同级别三厢可没这么大，尤其后排，180毫无压力。4.木有顿挫感，发动机起停很好玩，不抖。5.高速挺稳的。,积极
现在觉得都挺满意的，说不上哪个最满意。,积极
内饰储物空间简直基本等于没有。前面只有门边和中央扶手有储物空间。后排门边没有储物格，也没有中央扶手。基本想放东西只能放在前排座椅靠背后面的袋子里,消极
销售的态度和处事,积极
空间稍微小点,消极
空间挺大的，后备箱装着东西，带着老婆孩子一起出去玩也不会觉得拥挤。,积极
起步肉，刹车肉，不太习惯倒车档。,消极
还没什么不满意的,消极
用料扎实，安全性性价比高，头部空间充裕！车头看着凶悍！充满力量感,积极
油耗偏高了一点，不过的基本天天跑市区，显示8。3，不知道准确不？a柱盲区有点大。,消极
这空间可以，说心里话这空间和中型车几乎没太大区别，价格还比中型车低不少。,积极
空间大，外型够男人,积极
做工稍微有点粗糙，我加装了棕色真皮内饰后期加装的时候门缝没衔接好，下回去保养的时候再整好了,消极
为什么后视镜不带加热功能？为什么不带倒车雷达？搞不懂，这两项能增加多少成本？为什么没有手波四驱？？？,消极
小毛病比较多，估计是倒霉让我遇到了,消极
不满意的还是后排喽，不过家里没180的大个,消极
车子启动加速变道过弯都没的说,积极
座位不够人性化，开久了会很累,消极
新车入手时，倒车有点难挂档，不过开了一段时间，经过一段时间的磨合，开车熟练后，现象就消失了。在就是车身隔音效果有待提升。,消极
外观大气，空间很大,积极
"最爱意的就是骑士的空间,有次出行载过9个人,严重了超载了,哈哈!还有就是灵活的空间变化,把后排放倒的话后备箱容积就会大出很多!家用拉货两相宜!",积极
这车1.3的排量油耗可不算低，不知是不是我还没有过磨合期的缘故，希望以后能够下来吧。还有就是档有些难挂，不过价格在这也不好奢求太多。,消极
最大扭矩爆发太晚，踩刹车停车后再起步有延迟，油耗偏高……小马拉大车感觉爆棚，在城市高峰期跟车会力不从心！,消极
亮骚的埃斯托蓝色，无框车门加自动尾翼m套件，见了都说好看；m方向盘的手感和观感都异常性感，转向精准用了就放不下；245马力的动力充足，加速明显推背感，乘坐空间大，配置齐全，舒适进入非常方便,积极
肤浅的男人都喜欢大、喜欢简单，喜欢耐操的............车，所以我也不例外。,积极
细看有些地方做工还是比较粗糙,消极
对于这个价位该有的它都有，所以没有什么最不满意的，小毛病各帖子都有说明，异响没发现，排气管突突声有，坐车里关窗无视就好。,消极
毕竟是跑车，舒适性就差了很多了，首先是避震硬，稍微有点坑坑洼洼就很抖，底盘薄，走那些有小石子的路可以听到石子打底盘的声音，,消极
跟其他合资车比较性价比高，底盘扎实。试驾过几次国产车开起来都没有那种扎实感，感觉车跑起来不够昕锐沉稳所以没考虑国产车。前杠恢复性很好，小的碰撞成坑以后自己还能恢复，只是新车蹭掉漆还是很心疼。,积极
隔音稍差，有时候跑砂石路听见沙子砰砰打的底盘响，心疼啊，没办法做了底盘装甲，效果还不错。,消极
这么低的价位，还是一键启动。同价位的车是没法比的。,积极
空间大，省油，便宜,积极
底盘高走烂路与小车比起来，一冲就过去了有点野性的感觉。,积极
提速很快。车开着也挺稳当………开起来嗖嗖的，泡妞够了。哈哈,积极
v6自吸发动机，内饰漂亮真皮座椅细腻，后面的两个菊花特给力,积极
避震有点硬，开窗胎噪有点大。,消极
外观内饰配置都很欣赏，符合我对一辆10万以下cvt车型的要求，不错点个大赞，买了不会后悔的,积极
外观，空间，驾驶视野，整车隔音以及噪音方面，还有外皮，内塑，都还可以，比想象的要强一些。新车异味几乎没什么。,积极
安全性不错。整车车架刚性很好。,积极
噪音太大了，原车隔音没法看,消极
当然是价格，这个价格买进口suv车，以前想都不去想。,积极
做工很差，毕竟价位很低，指向性基本没有，需要习惯这种软绵绵的路感，油门和排挡也是国产车中特有的按摩功能，一直震动，另外烤漆工艺也有点过分，暴晒时间长了，机盖颜色会变暗，车身的漆也会有裂纹,消极
续航稍短了点。,消极
空调够凉爽。,积极
异响、阉割远程启动,消极
变速箱偶有顿挫感，启停技术有待完善,消极
油耗略高，骗人的日行灯。,消极
机盖的左灯和机盖的缝有点大，我朋友的车也是如此，论坛网友也有同感。为什么生产出厂不好好验一下呢，拧了一下机盖上边的垫，没好使，然后也没弄它，不耽误什么事就行了。哪天去4s调一下会好吧。,消极
16款g10后面两排座椅滑轨依然没有做成真正通轨，对于车内空间的灵活运用造成不便。,消极
当然是那霸气的外形了，凯迪拉克的钻石切割设计理念，有棱有角，充满着美式的狂野，第一眼就被深深吸引。还有内部空也有良好的表现。,积极
当然是车的外观，第一眼看到就被它迷住了，那还是老婆在汽车之家里看到的。然后就查看了一下车车的配置，是同级别同价位中最多最风富的。性价比可是很高的超值了。油耗不高。差不多一百公里5升油不到。,积极
储物空间偏少，尤其是驾驶位，手机确实是没有地方放。,消极
最满意的还是视野吧，想对卡宴、gls、x5视野算里面最好的，还有就是外观，纯黑的比较霸气，特别喜欢hst的配色,积极
空间比同级别的车要宽裕，油耗也低，很有一键降窗，电动调节后视镜。,积极
1.4t也就快个1秒多，有那么大差距吗？觉得慢，干脆卖车换好的吧，1.4t就打击到你了,消极
空间可以，后备箱空间比索八还大,积极
异响，新车不久就后备箱一直塑料声响，原地转向响，4s店很负责一直在换零件，但是新车就这样总感觉不可思议。试驾车都不响。,消极
后排杯架取消！取消！取消！这你能受得了嘛！！！后排杯架跑长途时对后排乘客多么重要竟然取消了！,消极
1、当然是油耗啦！磨合期内高速6.5是比较满意，一到了市区，没有低于过12，可能汉口比较堵车吧。2、起步动力肉，需要狂踩油门。3、大灯似乎有点不如主流，啥年代了，还是蜡烛黄。,消极
空间大外形还算满意，比五菱老款好看吧,积极
发动机噪音大！没有行车记录仪！底盘太硬！,消极
内饰台普通了，就是有北京车展s500ev的那个内饰都能满足我啊，可惜没有！,消极
目前还没有什么不满意的地方，非要找点毛病的话，那就是内饰与合资车比的确有很大的提升空间，但是9万不到的价格，个人觉得这点不是问题，毕竟价格摆在这里；再就是手刹的缝隙能弄个套子不，老是担心掉东西下去。,消极
提车开始悬挂有异响，右中门关不好；县道高速转弯空车甩尾,消极
噪声太大啊,消极
外观漂亮，男士开很显有个性。比上一个乐驰大了n倍。,积极
中门推拉门不好用,消极
油耗！！！400多公里目前维持在13升，虽然纯市区，但还是有点接收不了。要是油耗能再降下来一些就好了，我心里预期在9升左右。还有一点！帝豪其它几款车前中网都有亮条，为什么gs是黑的？？,消极
后排座椅可以拆卸，偶尔可以多装一些东西，出去旅游的时候，东西也可以放的不少，人也可以做的蛮多的，七座的车子，瘦的人可以做七八个，还留有余地，胖的人做个三四个已经不得了了。,积极
油耗有点高，大脚油门的时候动力有点迟缓，不知道是什么原因了，后备箱的空间有点小了，一个人开开，也没多大影响，其他的也没有什么不满意的，再吐槽也就内饰了，唉，凑合着了.....,消极
不能选装抬头显示和360全景影像，略遗憾。起步比原来的奥迪a4还要肉一点，车头右上角位置不大好判断，还在熟悉中。,消极
外观符合我的审美观，整车无论正面、侧面、后面看，都很协调；底盘悬挂很好，刚中带柔，细碎的震动能过滤掉，但又不至于毫无反馈感。,积极
悬架有点硬，过沟坎的时候颠簸大，舒适性不高。,消极
你yy滴油耗敢不敢再高一点啊！！,消极
外形不怎么主流化，还有油耗略高,消极
空间大舒适，后排放倒的话完全可以睡两个人无压力。皮质座椅座感相当舒服且是黑色耐脏。,积极
保养便宜。,积极
舒适宽敞安静,积极
07款307，2.0手自一体，踩刹车挂倒档，松刹车后不走，要加点油才噹的一声开始动起来,消极
不满意的就是后车厢有点短些，在长一点最好了，还有就是方向盘没助力，有些沉，很不适应，有待提高，收音机太单调了，希望在改进，其他也没什么了。,消极
宽阔的驾驶空间加上宽大的坐位设计显得小车不小！,积极
2-3档顿挫还是有的,消极
噪音大，油耗目前稍高,消极
油耗低，空间够用。其他的就别提了，一买菜车你还想怎样？,积极
马六的稳定性和操控还可以，变速箱换挡快而且没有顿挫感，动力也还行。,积极
满意：满意的地方真的有很多，非要说重点的话，我总结了两点！第一个是省油，毕竟买车容易养车难，一个suv油耗低，省的都是钱！第二个我觉得是空间，小七的空间在同级别中不排第一也排第二！,积极
低扭力时的发动机或者离合器发出的哒哒声，以及低扭时的稍微有点肉，这个肉拉高速后有所改善。,消极
几乎没有，目前来看，发动机起停技术过于复杂，没有宝马这么直接。太繁琐其实并不利于人的操作，开自动挡的车本事就是一种解脱和放松，若是油门的轻重都要控制，防止反复打或熄火，反而得不偿失,消极
座椅太小，坐起硬，时间长了不舒服,消极
轴距长，空间大，还带后排出风口，外形好看，档位清晰，入档时有一定的吸入感，还有后排座椅终于可以放倒，这样后备箱就可以放大长物件了。,积极
空间是15的最大优点，其次是就是性价比了。,积极
没有遮物帘、操控感觉不好，有点呆！空间偏小！,消极
原车自带的多媒体导航，稍显不足！,消极
15万左右的车身价，但车内的科技感略显不足，没有配备全触控液晶显示屏，不具备实用的倒车影像功能，车门及座椅用了织物材料，拉低了整体的档次感与舒适性，给后期维护带来不便，整车内饰稍显沉闷，没有什么亮点。,消极
不满意的地方就是开车的时候发动机噪音大，但也符合它的价位了。,消极
7寸手机智联屏，能联的手机型号太少了，手册上能联的手机都是老掉牙的机子，市面上很难找到，坑爹没商量，7寸屏有点不伦不类，难道换个9寸的要死人啊？,消极
离合不好踩，开关门劲小搞不转～,消极
同级别看了个遍，杰德外形一眼“中毒”，不能自拔，进入车内感受空间，“中毒”更深。,积极
动力强劲，m274高功率版本。,积极
后视镜太小，过路口的时候，需要探头瞭望。,消极
外观！！简直帅呆了，开出去还是挺有面子的，好多人都挺羡慕我买这款车的。,积极
噪音太大，第一次朋友开，就说像拖垃圾机，不过现在一直用econ模式，感觉声音小了点，不知道一直这样，会不会有什么问题，不过想想既然官方搞了这一模式，肯定是让人用的。基本在市区跑。,消极
内饰个别设计不合理，操作不便（下面详述）,消极
都很满意没有什么不满意的希望后期满满发现什么不足的地方吧,积极
噪音很大，开到80码以上耳根子受不了。减震偏硬，底盘校准不到位,消极
1.倒档有几次挂不进去2.空间只能说能够用3.密封，车里进灰（没有车库）,消极
花花外观比较保守，没有浮夸的线条，中规中矩的。总体感觉还是不错的，但是不满意的地方和普遍花友反映的也差不多，我的是手卓版，挂倒档打齿，隔音较差，有沙子打底盘的声音，引擎盖缝隙偏大，左右不均匀。,消极
轮胎有些窄感觉不够大气，如果可以再说一点那我觉得内饰风挡下边的操作台塑料感太强了。,消极
动力十足，空间大，大气！,积极
后屁股双排没有了，上下一色，显得臃肿没有运动感,消极
空间足够用，动力比想象中要好很多，静音非常好，外观足够拉风，浓浓的美式风情，性价比很高，用料讲究，底盘很紧凑、扎实。尤其夏季天热，遥控启动很实用，上车就凉快了。,积极
车灯和外观,积极
朗境独特的外观再加上独一无二的猎奇棕，还有那17寸的轮毂，换挡片加上s档结合起来，可以领略大众车无与伦比的驾驶快感！在大街上绝对是独一无二,积极
高速很稳定·不怕横风·七座·油耗没传说中的大。,积极
雾灯都被减配掉了为什么不把卤素灯换成氙气的呢，温岭这个地方百分之70的司机晚上开车全程远灯。你提示他变灯很多人都不变！！！,消极
前排副驾驶有点矮，每次进人都要低头；,消极
内饰稍微差了点，如果改成全软包就好了！而且中空，可以设计更时尚些！,消极
朴实无华但任劳任怨，不需要特别的照顾，差点烂点的地方能去，上山下坡也很稳重。,积极
发动机启停技术，等灯快不用换档,积极
悍马一样的外形。,积极
撼路者的外观绝对是美国车的经典之作。霸气，有力量，充满了野性的魅力。当然撼路者的动力也是其他车无法撼动的。所以叫撼路者吗，就是这么威猛。,积极
外观，内饰，隔音，对动力不懂，但是开的很稳。,积极
后储物仓略小,消极
几万块钱的车子其实没多少要求，家用实在方便节省的话就可以了，在这些方面来说，智尚s35的表现可以说是同级别中表现最可靠的了。,积极
油耗偏高，上坡无力，溜坡,消极
1:新车的味道没有想象的那么小，还是有比较大的皮味道。2:大家说的顿挫确实有，跟车的时候比较明显体会到。3:自动挡上坡溜坡是几个意思？,消极
车灯还不如长安车，希望好好改,消极
起步燥声大，起步肉，前面不能控制后窗户，脑残设计！,消极
07款自动挡马六一档升二挡时有顿挫感怎么回事呢？,消极
最不满意的就是，隔音效果不是太好，钢板有点软，不太厚实，内饰做工粗糙，但是相比合资的价格感觉还是不错的，比较一分价钱一分货！,消极
路噪和减速拉扯感，不过也就那一个速度区间内，习惯一下还行。,消极
外观不错，特别是一键启动最令我骄傲。,积极
造型优美协调，让人一看就喜欢的样子。,积极
当然是帅气的外观了，只可惜预算不够，相比2.0大灯更加喜欢2.4羽翼大灯，不过已经十分欢喜了。,积极
性价比超高，所有想要的都有了。,积极
20t动力不足，在满足平常上下班用车时还好，但在全家出门出游需要长途和上高速时动力就略显不足。,消极
装得多跑得快,积极
轴距短，转弯或者比较窄的地方过着毫无压力，动力没的说2.0t211匹马力用在这个小车相当够了，外观帅稍微一改装就帅到没朋友了。,积极
高速动力充沛，功能配置齐全。,积极
车辆大气稳重，车身修长，坐在驾驶位能看到车头，比一般的车稍高。刹车比我以前的雪铁龙稍软，得稍微深踩点，还是不错的。空间巨大，家人坐后排都很满意。我要求不太高，音响个人认为不用改了。,积极
暂时没发现。新手油耗高，正常。,消极
动力有点弱小,消极
质量差，一个月出一个问题，售后再修半个月，基本上没怎么跑，买的新车，整天开着破车在路上跑,消极
外观个性有的说很方正，有人说很丑。两个极端。呵呵。后备箱有点小，如果再大点就好了。再一个天天看到dsg变速箱问题，希望加强质量，别中招就好哦。,消极
保养比较麻烦,消极
最不满的就是这车备胎了，简直就跟我们农村的三轮一样的轮胎，太小家子气了！,消极
外观算式是比较好看的，轿车式的门把手，犀利的大灯很有神。内饰及中控台不错，仪表自发光的，而且有转速表，这个非常好。方向盘的喇叭区域较广，操作方便。,积极
噪音与震动锁车不关窗自动启动功能不能一直关闭，对我来说真的没用这个功能,消极
隔音差了点,消极
用到现在没什么不满意的的地方,消极
15款的电镀轮毂有轻微的氧化情况。,消极
"越野性能,锁车系统,外观,用着放心,看不见的奢华,低调",积极
4座空间还行,积极
外观适合自己,积极
导航。地图太老了，完全没有实用价值。,消极
怎么可能有,消极
帅气，操控一流，几乎达到人车合一啦，哈哈哈。。,积极
后座没有配安全带，希望改进,消极
这是鄙人的第一辆车，家用。空间的大小在小型车里基本是最大的了，这是最满意的地方，外观也很漂亮，比较喜欢。还有天窗，相信如果跑高速的话，开天窗比开玻璃要好得多。,积极
真还没发现。要挑毛病的话，内饰有点细节的地方没做好，比方有个塑料件的角角有点翘，还一个织物的边角没包住，暂时就发现这两个小瑕疵，不仔细找也发现不了，勉强算是小毛病吧。,消极
减震效果不错，威姿的平台还是有功底，牺牲其它方面换来的独立悬挂还是有用的。,积极
倒档和3档老是挂不上,消极
"耗油量不满意确实有点高不知道是不是磨合期的原因,磨合期过后希望会降低.无天窗不满意。动力与起步时的速度有点不满意希望改善",消极
动力强劲，空间够大。,积极
大灯尾灯，不愧奥迪为灯具厂。,积极
空间还不错，车子的操控性也还行。主要是外观看起来不会特别老气。,积极
买这款车的性价比高，经过认真对比挑选：这车的动力输出很够，省油，噪音也小，特别适合我出远门的时候开。,积极
车漆，相当的薄，所以平时开车得注意。不满意的地方就这一点。,消极
都30万的车没有电动耳朵，没有电动尾门，副驾没有电动座椅，遗憾啊！2016款比2015款多了导航，一键起动，屏也变大了，希望北奔在配置上有所改进！,消极
被动安全配置比较高车子相对比较宽稳定性好,积极
最不满意的地方就是停车后车底有嘀嗒嘀嗒的声响。还有就感觉漆有点薄，车衣都能刮出痕迹下的不敢用了，也许是车衣的事情,消极
byd车标了真的是一点技术含量都没有你这样设计（这里好像不能骂人的对吗）我相信你还在当年的杀马特时期我总是骗自己你会好的,消极
非常容易上手，总体感觉良好。555增值包很超值。,积极
开空调动力不足，机头响，连个转速器都没有,消极
空调温度怎么没办法调,消极
车身宽大，征服感强！,积极
轮胎噪音,消极
空调一点都不凉跟自然风样,消极
同级别内的皮卡算是杠杠滴了，绿静发动机的确比较安静，6mt也不错，外观内饰对得起这价格！,积极
外形简约大气，空间宽敞舒适，跑起来很沉稳给人安全的感觉。,积极
发动机结实耐用13万公里了无大修东安的机子不错,积极
档把子发抖，,消极
这内饰就不敢怎么恭维了，还需改进，特别是仪表台太单调了。,消极
空间相对其他b级车还是有点小了,消极
配置太低。座椅是手动的。朋友坐自己的车都得每次高速怎么调座椅。,消极
配置方面吧，该有的有了，不该有的也都有了，像esp，倒车影像，右盲区可视系统，镭射迎宾灯之类的，虽然有些配置比较鸡肋，但不妨碍我的审美啊，还是比较满意这些无所谓的配置吧。,积极
空间大，喜欢前脸，和内饰。,积极
虽然很多新能源电动车，但是还是比亚迪的原创性让人喜欢看，从外形到发动机还有蓄电都是科技很强的。,积极
油耗有点高，磨合期内，可以理解，希望过了之后会好,消极
省钱那3毛一公里不过油掉价了没以前差的多,积极
空间很好，头部空间可以,积极
后排头枕无法升降，后排座椅无法放到，导航地图过时，疝气大灯怎么还是不亮，中控台及座椅紫色布艺难打理、影响整体观感、不知道设计师是不是法国的？又或意大利的？薰衣草情节？,消极
有了江南tt，走亲访友方便多了。,积极
内饰用料不出众，说不上好，但还能接受,消极
减震比老星软多了，过减速带不再那么硬，油耗也比较的，磨合才7.5左右，车的整体外形比较协调大灯也够亮！,积极
动力1.4t，没的说，动力源源不断。运动款外观很适合年轻人。油耗使用情况非常理想，200块钱跑500，不当事儿。弯道平稳，毕竟是睿翼的底盘，m2平台值得信赖。,积极
动力充沛，性价比高，外形不山寨,积极
动力有点弱，尤其有山路的时候，拉一车东西以后开车基本靠悠,消极
钥匙??，太丑,消极
美观大气上档次，动力十足空间大，乘坐舒适性价比高！,积极
倒车时动力太小但是发动机功率貌似挺大的，能明显听到发动机高速工作的声音，我也不知道为什么。,消极
地盘有点低，动力不足，转弯角度大，车漆太薄，薄的可怜，恨不得一摸就掉。没有电动折叠后视镜，和后视镜加热，这个不太好。,消极
动力还凑合，外观还看得过去，省油，确实省油，特别100的时候，五个油就够了。大灯带透镜，夜间灯光不错，照射范围比较大，跑夜路非常好，下一步打算改疝气，应该会更好吧,积极
因为用的是欧蓝德的地盘，有点越野性质，所以悬挂稍硬。,消极
视野开阔，配置齐全。通过性能好。动力储备较足，超车无压力。b&o音质挺好的,积极
1价格相比其他自主品牌偏高2作为“b”级车居然连排气管也隐藏了3后排不支持放倒,消极
空间、空调制冷,积极
内饰的设计风格就不如外观那么漂亮了，首先是中控台感觉有点光秃秃的，缺少一点层次感，其次旋钮没有什么阻尼感，转起来感觉比较廉价。,消极
价格性价比高，动力强，做工精细。尤其要说明灯光方面，灯光方面个人感觉表现非常优秀基本秒杀同价格车辆，led大灯辨识度高，日间行车灯和转向灯灯光效果很好，雾灯配合转向非常犀利，信心满满。,积极
乘坐感受豪华、舒适，科技感很强、后排空间大，后排配备了空调出风口感觉用起来很方便，空调很给力。,积极
前脸设计和空间,积极
外观，，空间，，性价比，，,积极
灯光晚上太暗了，现在我改了透镜了。还有就是漆面太薄了，一根树枝就能把漆面划伤，,消极
最不满意的一点是价格感觉高一些，因为当时买的时候比较早优惠的没有这么多，听说现在优惠比我买的时候多了几千块。后来自己也想通了早买早享受。,消极
颜色好看，发动机省油。,积极
最满意的就是方向，那叫一个舒服，和小车没什么区别。还有刹车，离合，油门，都很轻。还有两米五的车厢，拉货真心不错。比五菱强多了。,积极
高速过100公里每小时噪音有点大，关后备箱时的那一声有点廉价。,消极
天窗打不开吧,消极
外观漂亮操控舒服给力音响给力后备箱巨无霸无异响使劲踩油门不用心疼性价比超值,积极
车标有点不喜欢,消极
提速快！外观好看价位不高！功能齐全,积极
太厉害了，一口气看完，爽,积极
后尾箱，大一点的行李是放不下的，不是电动尾箱，这个真的有点说不过去，后视镜折叠也只能算半自动吧（需要在车辆通电时按键开关）。速度降下来的时候60和40能感受到轻微顿挫感~,消极
方向盘比以前的二手五菱之光轻。仪表漂亮。,积极
方向稳，挂档吸入感强。视野不错，前排座椅舒服。内饰虽然塑料多，但氛围营造不错！外观好看，上牌的时候左右的车主很多过来围观，哈。有一定转载能力，我试过放到后排塞进一台山地车！,积极
最重要的就是想问一句，前两天有哥们发评论说手动挡的外观跟自动挡的差了很多，帖子为什么被网站删掉啦？为什么要删车主评论？可以公证一点吗？可以不那么坑吗？,消极
外观空间,积极
小七的造型，配置，空间，动力，外观，价格舒适性整体都满意。,积极
目前还没有不满意的地方！,消极
不明原因的异响,消极
这款车的变速箱有问题，换档难挂，5档的时候发动机异响加抖档，换自动档吧，也没有必要买这个车了，不就是为了玩嘛！现在杭州严打，还是老老实实的吧。,消极
这车的空间、动力、品牌都没问题！,积极
速度！绝对的推背感哈哈哈！速度起来后很带感，简直是太爽了！也许电车最吃香的就是这方面了～,积极
超过3000转噪音太大，开空调对发动机的影响大了点，提速太肉了。地盘好像有点松散,消极
外观油漆给人眼前一亮的感觉，漆面做的很好。,积极
质量稳定、油耗很低，日常用车成本很低,积极
那就是内饰，决定秒杀同价位的车型，内饰档次很高。全黑的内饰，看着很上档次，也很有动感。外观也不错，虽然感觉没老款的鲶鱼脸动感，但还可以啦。,积极
车漆不够硬，感觉很容易出现划痕,消极
空间，看了好多七座第三排打起来的情况下xcc的后备箱可以说是最大的。而且第三排乘坐空间也比较满意。,积极
这款车的最优秀一面就是动力强劲，外观大气，值得购买！,积极
顶稍矮了点,消极
后备箱真的小，两个小箱子占满了，再多点的就得堆起来。一家三口近郊出行够用了，下个月要送娃儿去上学，估计后排都得堆满。,消极
非要说些什么，那就是噪音大,消极
品牌，外观，操控,积极
油耗偏高，原以为8-9个油完全够用，现在也是在磨合期，综合油耗要在11个左右,消极
噪音，主要来自车轮胎，轮胎的品质不高，低速的时候不明显，车速超过100公里每小时的时候就不行了，轮胎噪音很大,消极
"手刹缝隙真的很大，钥匙口也一般,遥控钥匙离的稍微远一点就不起作用了，不知道别人的怎么样。车里感觉有异响，但不知道哪里，感觉在后面。",消极
内饰做工不错,积极
最满意的是车子的驾车安全配置，加速挺不错的，而且跑高速的话巡航这个功能真的很好,积极
颜值还是有点中庸化了，卤素大灯不够分量，轮毂造型也不够in,消极
烧气很经济空间还可以,积极
通用能不能在售后上稳妥点。好几次打通用电话，都接不通。然后就是万众一心的后排出风口，大哥，能不能给弄一个出风口，没多少成本吧。,消极
外形好看，方向盘轻，两厢车好掉头，好转弯，好停车！,积极
乞丐版连个化妆镜都没有，很让人没法理解！还有就是后备箱空间是不小，不能因为这样你就把后背折叠放到给省了，还有就是乞丐版没有副驾驶拉手，很不爽啊！,消极
因为本人平时喜欢听音乐，收藏了很多cd唱片，这个车不能装cd，有点可惜！算了吧，把歌曲都弄到u盘上，再连上车吧，毕竟现在都是电子化时代了，也要与时共进才行。,消极
轮胎中容易夹进去石子，行进中噼里啪啦作响，这两天车子行驶时候总是随着速度增加出现高频率的轮胎异响，今天把车停在路边后把轮胎缝中的石子抠出一部分，异响减弱；没有转速表，何时换挡看速度表真是不适应啊。,消极
性价比超高，既能满足日常的代步需求，又能省下不少的钱！,积极
动力充足，提速快，功能齐全,积极
不满意的地方当然就是胎噪了……偶尔确实让人有些受不了……不过在正常的行驶过程中还是可以接受。,消极
我觉得这辆车最大的问题就是大部分功能都对得起价格但是没有特别出彩的地方，买红旗大部分人都也是买个情怀吧，其实同级车有不少好车，买这辆车也算是我支持了一下国产，还行，没让我失望，但是也没什么惊喜,消极
最不满意的可能就是内饰了吧，做工确实是比较粗糙，摸着不舒服。,消极
绝对不止一点，内部空间大，颜值高，安全配置到位。,积极
小三的外观我很满意，由于我的低配车配置不多，也没啥满意的了,积极
最满意的必须是动力跟油耗了，1.6双涡管涡轮不是盖的，动力随叫随到，只是调料的没有一般的涡轮那么激进,积极
省，百公里油耗也总在6.9升。,积极
“吉祥三宝”，我认为最不满意的应该是尾部排气管了，除了下漏之外，还整得非常亮、非常醒目！即使是自己加装尾喉之后也不理想，变成了“四不像”，建议厂家改进一下。,消极
平顺，动力澎湃尤其是后段加速。发动机声音给驾驶员足够的信心,积极
"方向盘有点重,因为多数在市区开,感觉会比较费力",消极
方向盘没有助力！,消极
做工一般。,消极
后排空间有些小，长途的话，可能有些累。,消极
中间座椅不够宽敞储物空间不足多功能方向盘不好用,消极
啥车失灵，车内个钟杂音（硬塑料太多），水泵有噪音，换挡顿挫感，自动雨刷不好用，急加速总有砰的一声,消极
座椅跑长途实在是太舒服了。比我以前的夏利舒服太多了。,积极
"1,因为配置不高，汽车音响只能听广播，读不了u盘，至今还没体会音质好不好！2,原装雷达不显示距离，只有靠判断！迟早我要换掉！3,像其他车友所说，挂挡有点重",消极
配置丰富，乘坐舒适，动力好，方向指向精准，油耗低，锁车所有玻璃自动关闭。一键启动很实用。,积极
性价比还算可以，动力是通用的，变速箱好用，有加装助力中控和贴膜，尚可。总之配置还不算太低了，收音机那些都是可以发声，仅此而已,积极
油耗磨合800公里一直城区多11.4高很，希望首保后降下来。,消极
比同级别车型性价比高底盘比较高上马路牙子不是问题啦外观硬朗空间大内饰变化我非常喜欢比老款的好看太多啦全系标配esp定速巡航胎压检测多功能方向盘,积极
后排空间较小,消极
油耗低，很安静。,积极
胎噪严重，隔音差。轮胎太小太窄不抓地。转弯半径大。,消极
炫酷的外表，精细的做工，经济的油耗，贴心的售后,积极
实用性较强,积极
非全尺寸备胎和较小的后备箱空间。,消极
空间是真不错，后备箱相当能装了，放上儿童座椅相当富裕，还好放。,积极
配置，内饰，外观我觉得还行，车身很修长，发动机声音很小。,积极
我也来吐槽一下，那就是a柱巨粗，左拐右拐都超级影响视线的，有点不安全的感觉，然后就是我刚提车回来开着都总感觉车里有什么地方在响。还有一点就是顶配车竟然没有前排扶手箱，还要自己后加装，哎。,消极
内饰略逊,消极
bose音响果然名不虚传，下载了一些无损音乐，音质那叫一个棒，确实很震撼；静音效果也非常出色，关上门窗基本听不到外面的声音；座椅舒适性也非常好，特别是腰部支撑，很舒服；,积极
外观不错，自我感觉很漂亮，尤其是性价比较高，开着舒适，易于操控……,积极
a柱有些挡视线这是安全问题啊，自己注意吧！后减震有些硬单可以接受！,消极
当时看了好久的车，也很头疼，后来选择了他，发现完全没让我失望，体积大，拉得多，安全好动力强，很满意。,积极
最不满意的一点是油耗和悬挂，有可能是因为还在磨合期，加上大部分时间都在市区堵车，所以油耗很有点高；悬挂是出了名的硬，没办法，10万的车也就不要奢求了。,消极
最满意的应该是动力和变速箱的表现了动力可以说随叫随到，变速箱那是优秀的没有存在感,积极
做工不够精细，尤其车门内侧。避震太硬，稍大一点的坑感觉减震就到底了，非常硬。中控屏幕太小，后排坐垫短。4儿子无耻的加价，还有竟然内饰的颜色给我定错了。,消极
同上，车窄，横向宽度不足，后排坐三个人就有点挤。这车定位也就是三口之家出行，五口的话长途舒适性不好。,消极
一换二档的动力太肉，以及相比于16款，取消的全尺寸备胎、工具盒、眼镜盒等，还有后排座中间突起的那一截。,消极
舒适的乘用空间，良好的驾驶体验，经典的操作台,积极
配置各种高尚大,积极
有一晚像照镜子忽然拉开化妆镜没有灯,消极
好操控。才下票。摸的第一辆车。上手很快。油耗低。反应很快很轻。档位情绪。,积极
精致的内饰，低调的外表。中庸中略带奢华，平凡中略带特别。,积极
空间大，操作还可以。,积极
内饰与外观了，很多人都说这车看着不错，车内也是眼前一亮，一问价格，值,积极
异响。油耗！油耗！没劲儿没劲！！跟1.0排量面包比都不如。。。,消极
a30的外观很大气，车身长，空间大特别是后备箱空间更大。有自动空调，自动大灯，倒车雷达，还有天窗，铝轮毂显得很有档次。,积极
要是对开门就好了！,消极
还找不到，说顿挫基本可以忽略不计，还有磨合期过的太憋屈了，多想运动模式搞起,消极
拉货多，能拉接近4吨货。跑120没问题，空间大，这是一亮点。,积极
外观，这代a7确实漂亮，轮毂很帅气,积极
最满意的就是耗油，柴哈也是很给力，特别棒。,积极
外观，外观，外观，重要的事情说三遍。而且老婆也非常喜欢。,积极
本来以为只有手动挡，后来去看车还有自动挡的果断提自动挡，还有无钥匙进入，一键启动在这个价位的车上已经很高大上了，后窗也比以前有变化，也是电动的,积极
转弯侧倾严重，这个价位的车还是别谈操控性了。,消极
内饰太粗糙，不像同级别的车,消极
提车比较急，左后尾灯有瑕疵,消极
小s的性价比吧,积极
最不满意的是音响效果，配不上这款车。其次就是如果座椅是电动调节的就好了。电动天窗感觉有点鸡肋，可能因为我家没有人吸烟，基本没有用处。,消极
开起来很顺畅，没有开大车的感觉,积极
和奥迪a6一样，车头较长一些，对于刚拿到驾照的小伙伴来说停车相对不好掌握一点，老司机可以忽略～。排气单边双出不是很喜欢，没有双边双出至少也得做成双边单出也行啊。这么高大上的车子，后座居然没有独立空调？,消极
1.6l的动力貌似不太足，油门踩到底就听到发动机嗡嗡叫，车子就是慢慢的提速，推背感神马的是不指望了。哎！,消极
有异响，空间小，动力相当差。。。,消极
车子的外形看起来很特别，很喜欢这个小车。,积极
大空间，外观大气，品牌也还行,积极
可能是磨合期，油耗有点高，17寸轮胎本来是优点，好看，车跑起来稳，缺点也很明显，油耗高，容易爆胎，轮圈大胎壁薄走烂路颠簸感也就更大。,消极
车内窗户开关没有夜光，很不适应；这也不是什么很影响决定的配置，所以后期再自己加装咯，不影响判断哈；,消极
胎噪不是一般的大，而且轮胎很硬，低速过减速带人都能颠起飞。内饰气味真大，这点还是沃尔沃更环保。,消极
空间吧，确实挺大的，油耗也还经济，另外虽然隔音一般，但是发动机噪音小,积极
外形，虽然个头不高，但是整体看起来就是很苗条啊。侧面线条很好看。,积极
没有电动方向盘，没有座椅记忆,消极
底盘摆动偏大，跟减震和平衡杠调教有关，整体偏软偏舒适，装配工艺和合资车有差距，内饰做工相对差点。,消极
空间外观油耗,积极
目前没发现,消极
给力，1.4的载满了跑起来嗷嗷的，开过朋友的面包车，和浪迪没法比，骄傲。,积极
副驾无电动太掉范，卤素大灯太低端，,消极
空间大，外观好看，动力足够！座椅加热对冬天冷的时候很实用！,积极
发动机为大众第二代的ea888，烧机油具有普遍性，无力解决，只能常备机油。,消极
内饰细节部分需要在提升一些，还有就是这车的后排悬挂偏硬，过减速带的时候感觉很明显。,消极
提速迅猛,积极
外观还行,积极
最不满意的一点就是英致737没有配置日间行车灯，其他的都还挺满意的。,消极
做工用料上成，省油，掀背大后盖让你感受无与伦比的空间,积极
动力够足！！,积极
舒适性太差，后悬挂太硬了,消极
车子外形和内饰都很不错！虽说内饰的座椅是仿皮的，但摸上去的感觉质量很不错，而且异味也并没有很大，深浅色系的座椅搭配瞬间高大上！,积极
价格终于到了心理预期，现在来说性价比高，送的也多，置换补贴也多，哈哈哈,积极
安全配置高,积极
雨刮在行驶到6000公里左右，开始异响，我正在寻找解决方法，如果有谁知道相关的故障解决方法，请不吝赐教。谢谢了。希望以后不要出现问题才好，好烦！,消极
钣金有差距，左前车门缝隙大，低配车型没有车身稳定，这点大众做的好，基本上都成标配了，方向盘回馈不好，路感不清晰，车门好像简配了一道密封条，4s店送的真皮革座椅太捂屁股了。,消极
这款车，让我满意的一点就是它的空间很大，当然一款mpv的基本就是要空间够大，操控是完全ok的，很灵敏，车子的动力也是很不错的，足够用了。,积极
悬架不知道是软还是硬，过个坑感觉就像玩积木一样！,消极
销售服务商的服务态度很好，现在车的质量都行，比的也就是服务了,积极
当初购买睿行就是为了拉货用，睿行的内部空间还是很适合我的。后排座椅可以拆掉，拆掉之后后排空间非常的大，用来拉货用还是非常的合适的。,积极
不满意的地方就是后备箱有些细节方面应该有提升的空间。关于大家讲的后排座椅，一般都是岳母还有朋友乘坐。目前他们总体感觉还好～,消极
双离合毛毛的，5档60有异响，首保去问问4儿子。刹车片低速有异响，貌似是大众的通病。这个价位的车没有定速巡航我也是醉了。四儿子态度不好,消极
无钥匙进入，跟一键启动用起来特别方便，省去了找钥匙的麻烦，大灯带的日行灯，整个车头看起来非常的霸气，颜值担当！所以这个车不光外观好看，内饰纯黑色，配置高开起来特别的舒心。选择它，没错！,积极
挂倒档有时不太好挂,消极
外观沉稳大气，内饰豪华，奔驰的牌子够了，对新手来说，360摄像头很实用，各种安全辅助，如并线辅助啥的，车很好上手。,积极
低配腰部有支撑，座椅包裹性好，系统非常好用，设计人性化，外形优美，虽然保有量不高但也可以保证回头率非常高，提速快还省油，四年免费保养。,积极
车子的外观，空间和1.8l的发动机的动力,积极
内饰稍差，凑合吧。,消极
安全配置，外观，储物格多，省油，空间大,积极
油耗稍微偏高,消极
异响异响还是异响·,消极
车子的外观做工有一定的问题，我的车子后尾灯和后备箱的夹缝的地方左右不一致，左右那个镀铬饰条比较平整，右边上下不在一条直线上，细看起来还是非常不爽的。,消极
最满意的地方就是外观了回头率很高全景天窗无钥匙进入启动提升了全车的科技感,积极
操控性不错，过弯很稳，漂移抓地力很强，每次漂移过弯都很稳！,积极
最满意的就是空间内饰，还有一键启动，相当棒，无钥匙进入。,积极
做工确实是差了一些，从外到内的，用料也一般般，这个价位可以接受。,消极
内饰帅！内饰帅！内饰帅！重要事情说三遍,积极
油耗有点偏高以及中控的那个女鬼。,消极
舒适，一个字。185毫无压力。车队中坚力量，全能型保障车,积极
可能会对动力方面有点不满意，286的马力也不算是很低，但跟5.7l的352一比还是弱了点。,消极
后窗不能在前面控制。噪音大,消极
目前还没有什么不满意，如果非要说，就是大灯不是很亮，如果氙气灯就好了！嘿嘿～,消极
智尚s35这款车最给力的地主就它比较漂亮的外观，看上去非常有活力，有朝气，整个车身的线条伶俐，层次分明，有运动感的风格，适合象我这样的年轻人开，而且这车的价格便宜，同时还特省油,积极
备胎太小了，而且备胎周围没有填充物，放重物隔板估计会变形，甚至下沉,消极
外形足够颜值，颜色鲜亮拉风。要的就是回头率！！！,积极
配置和颜值。白色豪华型回头率非常高。,积极
a柱略宽，开车挡视线，拐弯的时候得左右摇摆，让我有种唱《一起摇摆》的冲动，真是治好了我多年的颈椎问题,消极
黑屏雨刮抖动座椅不是很舒服偏硬有点小车漆很薄一个石子飞过来就可以掉漆,消极
就是省油，空间大，好保养，价格可以接受。,积极
1.上次跟一宝马相撞，前保险杠撞凹，换一保险杠配件等了一个月，配件发货速度太慢！4s维修反应慢！,消极
"1、双燃料，可用气，使用省钱：70元300公里。2、样子还行，白色。就屁股有点高。3、空间不小，本人172mm,感觉不太压抑。",积极
兄弟版没有中央扶手箱，自己安装了一个也还不错。后排地板中央隆起比较高。,消极
1.内饰有品位精致上档次：这是我选择观致3的根本原因2.用材厚实安全性高,积极
空间空间,积极
外观非常好，内饰的用料和颜色搭配也非常喜欢，最值得指出就是动力，红绿灯的时候稍微带一点油门，简直不谈，甩边上自然吸气的车几条街，油门和刹车踩起来也非常柔和，关上窗户速度80+里面也是非常安静，赞一下。,积极
室内噪音太大，门窗有时会发出噪音。,消极
万年不变的是油耗,积极
舒适性不错，性价比高,积极
超车够用，外观内饰非常漂亮，配置还可以。,积极
舒适性稍差一些，减震偏硬，空间小,消极
"最不满意的也是大家长说的够真版后轮毂,不带倒车雷达.没有发动机护罩.其实厂家略有改动也不会与够型相差6000元.-_-.在就是发动机哒哒哒哒声音.喷油嘴响.不是发动机响就行.",消极
起步阶段！,消极
外观漂亮，整体非常协调，内饰中庸，没有为吸引眼球而剑走偏锋搞的太另类,积极
配置有点差,消极
多年以来一直喜欢大切，强大的动力，卓越的越野性能，值得拥有。,积极
过减速带我觉得一定会弹起来粗糙点路面胎噪很大备胎太小放大镜都看不清右前门位置有异响眼镜盒过减速带有硌吱声,消极
外观漂亮，买的是红色的，大爱啊。,积极
最不满意的一点就是在2000转左右转数换挡时候车身明显的共振噪音，而且石家庄广源4s点在保期内要求检查居然还要收费，不解！什么是保修？？给看一看就要48？,消极
空间大，后排座人一点不挤，高科技丰富，动力很牛。,积极
大空间190高个驾驶无压力，后排三个壮汉都能坐下，超大全景天窗很完美。关键配置很丰富性价比很高,积极
导航太差劲！有几次在高速，车已经从a高速转到b高速了，但是导航还在a高速上？！??????,消极
就是这个中控了无力吐槽，下雨天经常失灵，每次都需要断电三分钟左右才可以重启，比如你想倒车她不启动，是不是有点扯淡了，这蓝牙电话也没有，接打电话不方便，就是这个可以连无线网，这个要点个赞。,消极
底盘比别的跑车高，实用性强。,积极
空间大大大，后排静态体验过，宽敞，不知道行驶时后排感受如何，反正比我以前的车肯定舒服多了。,积极
做工粗糙，部分地方有异响。,消极
优雅是国内市面上性价比最高的mpv乘坐舒适内饰豪华~~,积极
离合器，绝对巴适。就算新手都可以忽略起步息火的尴尬。连汽修店老板都夸离合器爽。所以呢。。。,积极
外观，没啥说的，大气，一眼就将我在汽车之家选择快1年的俩车给pass了。,积极
油耗偏高，不过本人偏爱大脚油门，大脚刹车,消极
是我们国家自己生产的红旗车。,积极
起步稍肉，但2.0发动机配cvt还算能接受，车内音响可以稍微再提升一下，后排座椅不能放倒。,消极
外观很漂亮！在所有微面中是最有型的！空间很大，自己家拉货绰绰有余。内饰也算不错的！,积极
内饰，皮质看着很差，比不了s级听人家说的，没坐过，看看也就过去了,消极
前排不能控制后排车窗，真的比较奇葩。,消极
空间大，方向盘轻。,积极
首先宝马的品牌够牛，还有外形够拉风，空间也变大了,积极
底盘很高，视野很高，坐上去有纵览群车小的感觉,积极
启停貌似过于灵敏，稍微踩下刹车eco就启动，市区堵车两三米一停的情况就不太适用了。,消极
车辆外观比较时尚，综合油耗还不错，后部空间比较宽敞。车内在驾驶过程中提速很稳健，没有杂音。6at原装爱信变速箱性能优越。,积极
玲珑胎易夹石子、灯光太暗、悬挂偏硬；,消极
小问题不好比如排气管锈这么多年了还是老问题,消极
底盘低，油耗大！后备箱空间小,消极
车子的外观和内饰我非常喜欢，内饰做的很精致，外观处理的也很好，喜欢,积极
后备箱空间,积极
经济实用、外观漂亮。,积极
新款外观+白色车身很帅气！,积极
最满意的就是待速发动机的声音好小哦在公路上都没法感觉（其它的我不知道是不是啊）,积极
不知道是不是我是新手的原因，我感觉倒挡不好挂，别的挡都好挂，可能我是新手吧，还是不习惯,消极
中控仪表台容易掉漆,消极
2.0流体雕塑车身+大气的前脸+17寸轮毂配上低调的灰色完美。,积极
异响多、油耗不低！油漆太薄。灯光昏喑！,消极
没有雷达啊。30w的车啊,消极
外形硬朗，动力充沛，视野开阔，外出旅行在高速上，不论是我超大货，还是大货超我，会车时都没有别的车的颠簸感，是底盘调教的事还是车的自重，我也说不清楚，反正会车的安全感是杠杠地。,积极
配置不高，后排减震偏硬.,消极
起步很柔，每次起步先给一脚油再来加油提速有点不适应，cvt的车是不是变速箱都有异响了？新车气味有点大，,消极
大灯和动力！,积极
空间大上白下金体现出这款车的高大尚,积极
做工一般、新车都有小问题。,消极
下车时保险传输带不能过来,消极
这价位的车，既然只有前面两个气囊真是让人伤不起啊。车身要是能长点和矮点，我相信会卖疯了。,消极
纯粹的喜欢新能源汽车，最满意的就是舒适安静的这个驾驶感觉，起步非常给力后劲也足，安静舒适基本没有噪音的干扰，再就是价位非常合理了，买它不感觉花钱不值。,积极
而且开长途不会因为发动机在屁股下面而出现发热的情况。,积极
底盘有点松散，座椅偏硬，这么长的车后排空间不如7系，车身长，停车比较头疼，还有就是底盘过低，稍微陡一点的坡就会蹭到，心疼。,消极
漂亮的外观，科技感十足的内饰，扎实的做工，环境隔音非常好。,积极
车的中控车的外表车的性能主要还是外观漂亮啊,积极
没有除雾，大雨天不开空调看不清路,消极
交车的时候洗的不是很干净，有些车细节不是很完美,消极
动力，音响！,积极
车身空间大配置主流性价比高,积极
噪音和倒档不好挂,消极
钣金缝隙大，底盘隔音差。,消极
哎，说起来还是在外观上。所谓“虎啸式”前脸的的设计，特别是下进气格栅部分，采用三条镀铬横条，不仅毫无霸气，还把整个前脸分割的松松垮垮，霸气四泄，真不如和上半部分一样做成蜂窝网状，更协调！,消极
整体外观感觉漂亮，动力比较好，发动机转速比较低，发动机噪音不大。开起来比较轻松，没那么累。,积极
一款性价比很高的车因为它省油，空间大！,积极
外观霸气，内部空间宽敞、内部空间宽敞、内部空间宽敞重要的事说三遍。,积极
没有开过太多的车子，感觉冷车的时候倒档有点问题。,消极
噪音太大，告诉行驶音响开得大大的,消极
油耗低，灵活性高,积极
配件难找，4s销售服务质量很一般,消极
我叫这车叫小胖子，空间大是最直观的感受，原来还需要装点布料，后座一翻，颇有点厢式小货车的意思。,积极
加速，外观，安全性，稳定性，操作性,积极
赶上花冠促销裸车降价2万提的车，所以最满意的是价格！,积极
肯定是动力了，2.0t的动力，跑起来杠杠的，超车车完全没有问题，因为新车，不敢跑太快，总是缩着油门超车。,积极
空间和油耗,积极
空调不满意，内饰不满意。简配太厉害了。不过一分钱一分货。,消极
门做的厚实，有德系车的感觉。低配配置也不错，对于我来说完全够用了。空间也不错，我165的身高，完全够了。开着还是很稳，瞬间提速差了点点。必定不是兰博基尼，哈哈哈。,积极
1.5t手动，开了几千公里发现一个现象，冷车时一二档还好挂一点，车子热了反而不太好挂，如你所说好像缺油不润滑一样~~~,消极
自动泊车系统刚拿就停止运行，复位后可以使用，这个不应该啊！新车味道比我想象的大。,消极
最满意的地方就是性价比，和车子的做工了，用料也比较好，车子重1.2吨，重量跟十几万的合资车差不多，比较扎实。上高速稳当。,积极
提速这方面可能要改善,消极
轮胎不知道咋回事，老是扁扁的，看着心慌，去补气压，师傅说都这样……囧!,消极
国内没有两厢版本,消极
全景天窗，汽车俗称铁包肉，这名图非让我头上顶着那么大一块玻璃，还是全系标配，根本没得选择。还有就是动力稍稍有点肉。当然这些是个人感受,消极
如果未配备坐垫和头枕之类的辅助物，乘坐舒适性差，特别是长途驾驶后，驾驶员腰酸背疼。,消极
价格还是高了一点，但是赠了不少东西，希望不要掉价太快。,消极
售后还是野马汽车的一个大问题，如果野马以后能在全国各地有4s店，有定点售后就好了。空调声音也大得离谱啊，但是空调却也是很给力的，马上就冷了下来，记得新车一定要贴膜，不然温度很难控制。,消极
内饰用料一般，中级车当致胜的内饰是比较简单的。总体搭配只能说一般化。另外就是后排空调，中级车的没有必要弄个低配的后排无空调吧，夏天别人都不敢上我车。。。,消极
车音响声音偏硬，听音乐没有动感，低音效果差。减震差点，过一些路面不平的，例如减速带一些路面车内就会响震得历害，车油漆偏薄。,消极
外形，没的说，就是冲着外形来的，可惜是个a级车,积极
1、居然没得挡泥板！可以直接看见底盘2、第三排连个水杯架都没有！这个不应该,消极
尾灯帅爆了,积极
前大灯还是卤素的,消极
感觉北汽幻速车噪音还是有点的，不过慢慢习惯了就好了，特别是车子起步时候，踩上油门时候有明显感觉到噪音大。网上说做个隔音还可以，我还没试过这个，下次有钱时候再做吧。,消极
后桥，后桥，后桥。重要的事情说三遍。太靠前。货装的太多时感觉要翘起来的感觉。这个最最最不满意。还有轮胎小了点。离合旁边突出的太多了，感觉脚下的空间有点挤，车门不太好关。,消极
就是冲着空间大去买的，5门7座特别宽敞，后座试坐的时候腿可以放的空间比较多，所以不会觉得拥挤。当初试车的时候就是因为这个原因果断掏钱买的。而且这个价位能做到这样的空间和舒适感也是不容易的。,积极
价格方面是我最满意的一点了，在微面里算是便宜的了，而且品质也是可以的。,积极
发动机外面隔音不好，车标（大家都明白的），全景映像清晰度不好，行车记录仪能全景都记录就完美了，吐槽一下,消极
1、配置同价位无敌；2、2.7t动力充沛；3、隔音效果颇佳。,积极
果然是铁杆粉丝,积极
座椅竟然没有电动调节，也没有真皮，更没有座椅加热。,消极
1.6的机子低扭还算是可以，但是就是初段起步加速稍微差了些，后段的加速还是不错，应该和整车重量有一定关系。,消极
空间大。拉货载人都不是问题。,积极
排量小！开空调发动机抖动！跑到80发动机噪音就大很多！跑到120转速表差不多就快4000啦！,消极
悬挂硬，路感强烈，这点应该是这车最大的毛病了，虽然悬挂调校侧向支撑好一些，城市铺装路没有鼓包坑洼的话不影响舒适度，走烂路的话真的是酸爽，谁坐谁知道，所以走烂路先减速。,消极
4挡以上有点肉，买的时候没有棕色，买的酒红，不是很喜欢。气味还可以，每个车都这样，不过我买了三箱竹炭，1个月就没了，不建议买香水。,消极
感觉车稍微有点重，油耗偏高一点点，不过也还好。,消极
最满意的就是油耗吧，因为上班路程远，每天来回要五十公里。省油很重要，还有中控屏功能也不错，蓝牙和usb都挺顺手。,积极
第二排坐起来没看起来舒服。腿托不申起来的话坐垫太短，伸起来又腿托又托不到脚踝。另外，油箱太小了，才55升，跑偏远地区的话得多操心加油。,消极
灯光不够亮，音响效果一般,消极
最满意的还是外观，虽然有一点奥迪的影子，不过整体设计的原创度还是挺高的，在中国品牌里设计风格还是挺前卫的,积极
目前还没有特别不满意的地方，如果非要说不满意，那储物空间应该算一个，真的没有手机放的地方。如果非要再说一个，那就是没有实体a/c按键，这是为什么？为什么？为什么？,消极
舒适性说实话蛮差的，跑车化座椅肩部支撑很一般，腿部腰部还可以，跑长途很容易累。还有作为一个轿跑来说，声音太内敛了，这点不如玛莎。,消极
这款车的优点还是很多的，外观时尚，配置高，空间这些方面我也都很满意。,积极
空调不冷伴随共振，小毛病多，隔音不好，中控台异响较高，油耗有些大。,消极
外观，在同级别中，除了mini无出其右了吧。然后是三大件毕竟稳定靠谱，虽老旧但成熟。,积极
acc很方便,积极
车子的配置不高，想esp车身稳定系统这种非常重要的安全配置并没有标配，这点非常遗憾。,消极
车型生僻，不好买配件。,消极
232的布局加座椅能放纯平,积极
后排的出风口竟然在主驾驶座位下来，给我吹脚啊！傻逼的设计。还有后排没阅读灯，给差评。暂时就这样,消极
内饰做工有待加强，没有日行灯和车身稳定系统,消极
驾驶空间大，提速猛,积极
1.4左右的轿车一样能追上追五菱宏光不是我对手转向精准度不错刹车都可以！,积极
颜值高，颜值高，颜值高，买车第一点就是要外观，第二是动力，第三是配置（一个人一个眼光，仅个人观点）。自己看着就得由心的喜欢，这一点不能妥协。,积极
动力和智能语音我最满意。,积极
后备箱太小，太小，太小，,消极
省油，空间合适。新车还在磨合中。,积极
外表够张扬，视觉冲击力一流，高高在上的感觉，很霸气。,积极
双离合，这个谁用谁知道，没办法，既然改变不了，就只能享受啦！！！尾灯不好看，设计还可以优化，那样就美哒哒。,消极
综合性价比高。,积极
最满意的地方就是车辆的外观，还有功能非常的丰富，比如一键启动，起停功能，还有一些中档车上没有的功能，别人坐车上就开始说这车配置高怎么怎么样，他们的比不了，个人感觉相当满意了配置！,积极
2.0的车8.5到9升的油耗也算可以（市区油耗）,积极
就是感觉没有玛莎拉蒂回头率高··但是玛莎拉蒂对于我来说太成熟了！还有就是储物格太少了··连个眼镜盒都没有！！！,消极
车头的设计，很有派头,积极
最吸引我的是车子外观,积极
boss音响为车车锦上添花,积极
2.0t的来自福特技术的动力，提速很给力，给油就走，绿灯起步给点油把后车甩的远远的，比我的1.6的瑞虎强太多太多，当然，用了十年的车不能拿来相提并论。,积极
超级喜欢s3的智能科技。超满意。,积极
外观和内饰，硬顶敞篷，时尚，一个字炫酷,积极
路况反映的很明显，过减速带之类的，坐在车里感觉非常的明显，原厂座椅是织物，有点郁闷，雨刮器并不是自动的吧？我没有感觉到自动。。。,消极
动力，绝对是动力，朋友1.6l的上坡肉成狗，我1.4t动力杠杠的，超车无压力。,积极
中门太大了,消极
车身感觉泰国精致，反而不显大气,消极
最满意的不止一点，空间，油耗，外观。都非常满意，当初就是冲着大两厢去的。年轻时尚,积极
省油，新车磨合期，舍不得踩油门才跑了1730公里，累计油耗：7.4l，每公里0.6元都不到，质量这么大的车，这点油耗非常满意。,积极
加速还是3.3汽油机快，爆发力好。柴油机是扭矩大，有劲，适合爬坡。有人做过比喻，汽油机是马，跑的快，柴油机是牛，能负重。,积极
美系车，粗狂豪放，不注重细节。xt5这款车四驱系统很好，电子防滑介入非常快，越野脱困能力也足够，可是接近角太小让人无法接受。,消极
驾驶舒适性价比,积极
高速稳定不错，动力线性，空间大。坐后面比前面舒服。,积极
隔音要稍差特别高速100以后稳定性倒还是可以,消极
无法打开的车窗,消极
底盘底做工差,消极
：你看看这个方向盘，b50b70x80的随便拿个装着都比这个好看，还省掉了这套磨具费。,消极
内饰，严重不合理，黑色车内饰为什么不是全黑的、还搭配米黄色干什么！,消极
性价比太高，常用的配置都在，还是2.0t的强大动力配置。价格才十万，真真的是找不到第二辆这样的suv了，而且外观颜值还这么高，不买都怕买不到了。,积极
减震跟拖拉机一样，,积极
大改款的a4l马上上市了，所以16款的价格比较公道。,积极
简配简配简配重要的事情讲3便。没有遥控钥匙，没有尾箱灯。简配太厉害了。,消极
这款绅宝精英版，价格合适，还有最让我动心的一点就是可以无钥匙启动系统。让我不用在使用钥匙一直去打开车门了。这点设计挺好。,积极
内饰感觉不够个性，其他都还好。,消极
最满意一点就是三年了从来没有让我失望过。,积极
倒车较为吃力，特别是侧方位停车比较累，不给油不走，不过据说这是美国车的通常特点，只有慢慢习惯了。因新车跑了100公里不到，油耗暂时还看不出来，不过数字每天都在降低。,消极
对比其他品牌汽车，1.5排量动力充沛，紧凑型a级汽车来说空间大，特别后排空间、后备箱空间不错，家用完全胜任。,积极
动力，3t机械增压，v6的心脏，虽然是低功率，但是应付a6这么大的车足矣了。,积极
做工操作,积极
配置，动力，四驱，空间，油耗,积极
前面的a柱粗大，在左转时有点挡视线，要注意安全，左转时最好降下前窗，多观察。还有座椅时间长了有点洼陷，跑长途容易累。,消极
油耗满意，空间大,积极
后窗减配,消极
主驾驶座椅不舒服，怎么调都没用。,消极
内饰不如老款有个性档拔还是老款的好看副驾驶电动座椅简配这是我最不能容忍的以后肯定要换了这个电动座椅,消极
油门和刹车之间的高度差，后排勉强还可以,消极
方向盘是液压助力的，手感还好，就是有一点点跑偏。车子很多地方的裂缝间隙大。,消极
外观不错，整体音响效果也还是不错。没有出现大家说的一二档挂不进去的现象，倒档也很顺畅。,积极
几万的车和其它几款例如宏光威性价比还是比较突出的，打算把它卖掉，换其他车了。听说这个车，用了一年以后，小毛病比较多。到时价格更卖不上去了而且不好卖！！！,积极
低矮拉风骚气到爆的外观，充足的动力，合理的油耗，硬朗的底盘质感，一流的操纵及超高的回头率等等等等，，，，，，，,积极
倒挡难挂，每次挂倒挡都会有打齿的声音，特别心疼，也很担心，4s的4儿子说没事，通病。低配没有遥控钥匙，自己花了450装了个铁将军。停产车，买了很后悔。,消极
手动后驱改装空间大外观拉风,积极
智屏版的发动机没有罩，传动带在外面露着,消极
外形，13年在美国看到探险者就陷进去了，回国后一直关注，老款因为一些细节不让老婆满意，也因为途观才开了3年，新款出来下决心买了。,积极
品牌比较小众，很多配套产品价格比较高，购买选择比较小，这方面跟街车和top10成型比，会多花这银子。,消极
qq进藏也是可以的，小面进藏根玩似的。小面轻呀案,积极
后排不能后移，有人坐在后排的时候特别憋屈。2610的轴距留给后排的空间太少，全部都给了后备箱。,消极
肯定是外观了，霸气、犀利、性感、流畅，都不知道要怎么赞美它了~~空间也蛮大的，油耗挺满意的~,积极
中等高度的底盘led前大灯和自动驻车对于女孩我还是很满意的,积极
动力有点软，不过咱们也不开赛车。安全第一，噪音有点大，胎噪风噪再低一些就完美了，换挡行程太长，开起来不太舒服，。还有前驱的，在土坡路上起步很滑，上过一次山吓坏了。,消极
配置丰富，动力方面城市道路充沛，空间方面比较大，尤其后排空间,积极
性价比，绿色环保,积极
空间，前后空间宽敞，出去游玩不拥挤。,积极
v3的外观好看，时尚美观，配置多，一键启动，无钥匙进入，360度环视，之类的实用配置都齐全，1.5t动力杠杠的,积极
黑色的内饰很简约，坡型操控台很流畅，很完美。,积极
没有cd放烟灰的也没有,消极
后排中间的突起。,消极
有时挂倒档挂不进要挂两次才能挂进.不知道是生手原因还是天气原因或者是新车要磨合的原因；,消极
外观大气，回头率高，感觉比汉兰达外观要协调一点，只是个人眼光，希望不会被喷，动力强劲，2.2t发动机动力就是好40过后提速够快也许是因为以前没开过什么好车吧，，空间大，7座，4驱,积极
为什么自动启停不能一直关闭，而是每次都要手动关闭，北京这地界儿，这个功能真的鸡肋。,消极
启停没有物理按键，而且很不好用走走停停的路段让人抓狂。车子的胎躁比较大，悬挂比较软走烂路车身比较晃动。发动机早上启动抖动比较大30秒之后正常。,消极
7座车型，空间大，气囊全面，安全有保障，技术成熟，维修方便，性价比高。,积极
我怎么感觉车的声音越来越大了？,消极
后排坐椅不能比例放倒,消极
就是吸睛。视野好前脸短。开起来不费劲。空间同级应该无敌了。屁股就像虎头虎脑的小老虎。前面日行灯挺好看识别度高。座椅买的顶配没话说。别人说坐垫短，我1米83也没觉得短啊。,积极
中控和灯,消极
空间大，价格便宜。前后都是盘刹！！,积极
单边倒车灯晚上不够亮,消极
最满意的是外观和空间，虽然不是刚出的车，感觉外观还挺时尚，适合绝大数人审美，很顺眼。再有就是空间，后排不拥挤。再有一点就是油门很线性，开着舒服。,积极
汽车工艺较差各处异响小毛病过多不像进口车的表现,消极
油耗最满意，内饰做工！,积极
没什么不太满意的，就是没有一键升窗跟自动后视镜折叠，还有底盘有点低去哪都怕蹭到底盘，,消极
05款1.6手动豪华是不带发动机故障灯吗，发现拧钥匙通电自检，别的灯都亮，可发动机故障灯自检不亮。,消极
影响行车安全配置如日行灯、esp、倒车影像雷达、胎压监测没有。,消极
系了安全带手摸不到导航屏幕。,消极
与德系车相比，强度不高。,消极
就配置而言，风尚版完全没有风尚的感觉。外观和内饰没有最土，只有更土。如果你要买15款的朗逸，强烈推荐舒适版。气质提升一个大的档次，贵1.5万贵得其所！,消极
外观方面大气也最吸引我的。油耗表现不错！,积极
油耗，油耗，油耗重要的事说三遍,积极
最不满意的，应该就是1.5l动力了，起步有肉感，因为是手动档，所以还是有点期待动力能提高一点的。,消极
当然是拉轰啦，电动尾翼溜背造型无框车门犀利眼神…,积极
外形漂亮，价格合理，空间超大。威旺m30成熟大气，看起来设计还是比较用心的，在本土品牌mpv中外形是可圈可点的。空间大，不光载人拉货，储物格也多，很实用的一款车，价格就更不用细说了，对比过的人都知道。,积极
个别储物空间有待提高，比如扶手位的储物箱太小，只能充下电和放些散钱，想再放个钱包什么的就显的不够了。还有后排中间突起，这对后排使多点还是带来点影响。,消极
方向盘比较轻。,积极
副驾位手动调节，有点费劲调节，而且后排空间小,消极
外形大气漂亮，内部乘坐空间较大，发动机和自动变速箱的配合平顺。,积极
性价比高，配置多，油耗。,积极
副驾驶座椅不能上下调。。。差点意思。,消极
挺好：加速性非常好，虽能是1.6l的，但提速还是不错，超车迅速。,积极
空间大，这个价位能做到这样很不错，油耗低。经济实用！座椅柔软！,积极
我想，除了省油，还是省油，这一点真的是非常满意的。,积极
外观很拉轰，从颜值来说还是相当不错的，毕竟有着小锐界之称。操作还是可圈可点的，指向性很强，感觉不到虚位，这样老婆开起来也放心，毕竟是女司机嘛！,积极
空间大，不顶头；油耗低，性价高。,积极
噪音有些大了点，上了100噪音就明显增大了，但是毕竟价格在那个地方摆着呢！还有感觉不如我弟弟的宏光v提速快感觉。反正过了磨合期，打算做整车隔音了！,消极
全系标配esp。颜值超高是它的特点，空间大是它的优点。起步轻松操控稳，转向几乎无虚位，油耗不高，新车内饰无异味（关窗户坐在车内久了也不会感到头晕）。,积极
没有不满意，车身长度要是从4509mm延长到4620mm就好了，后备箱空间会更大。,消极
满意的地方比较多，确实不好说。随便选一点吧，油耗符合预期。。,积极
外观时尚，适合年轻人，空间够大，比较省油。,积极
后排没出风副驾驶没有电控没有胎压监测还有大灯20w的车不能上点档次吗？,消极
空间，特别是后座。,积极
车速超过90km／h后噪音有点大，但是在可接受范围。地盘较低，在农村路面容易剐蹭地盘。,消极
舒适性还可以了，后排空间也蛮大的。,积极
内饰比较差，不符合40多万的车。,消极
动力方面完全超出预期，1.5t发动机搭配6at确实不错，起步很快，前半程的反应和我之前开的手动尼桑没有什么差距，100-120的区间里就比我之前的日本车好很多，加速还是有反应的，不会感觉丧失了控制感。,积极
做工的精细程度。,消极
因为13年提的1.8帕萨特御尊对于涡轮增压车型的提速很满意，16款手动还标配17轮毂邓禄普轮胎安全配置全竟然还带天窗和行李架合资车给做成这样很厚道,积极
在国产竞品车中，q35的外观靓丽，实用性特别强，代步畅爽，舒适性也凑合，多方面权衡之后，我觉得这车比较适合我家，不过你要真问我具体哪点打动咱，我一时间真说不好，目前还在磨合期，期望后续稍微更好些。,积极
动力不充沛只够家用没有提速推背的快感,消极
内饰用料不错，中控台、门板上部采用了大面积软质塘塑材料。,积极
黑白拼色真皮内饰不耐脏、空调声音大,消极
昨天，也就是提车第三天。发现后斗门的钢琴烤漆条起泡了，非常之不满意！还有音响的那个音道位置！太不合理！太靠前！低音放多大都感觉不到。离合器有异响，应该是离合器闸线松了，明天去紧紧。,消极
车子好开，方向盘特别有质感，奥迪品质真好，自动驻车是真的好用，新手上路不怕后溜的，爽，隔音一级棒,积极
运动模式下，推背感，引擎声绝对是顶级，一脚地板油，你的身体只能被死死压在座椅上，无法呼吸。,积极
发动机盖抖动有点大，也许是个例，备胎是非全尺寸得不是很好！起步的时候瞬时油耗有点偏高，大概是车身太重了吧，给车辆做个轻量化就好多了。,消极
最新车用高科技基本都有,积极
储物空间很少，手套箱中规中矩，中央扶手箱深度太浅，最主要的是没有眼镜盒，眼镜放置不方便。,消极
空间外观同等价位的车少有空间能赶上小三的如果非要选一个艾瑞泽5但是艾瑞泽5还是要比350贵几千块钱所以60000以内我个人觉得350的性价比最高最起码外观看着不是廉价车,积极
独立悬挂的加入，使车车在颠簸路段时很舒服，总体车车乘坐偏较硬朗~！,积极
超级喜欢她那美丽的外形和大大的空间！没有什么装不下的！,积极
全景天窗的左侧胶条掉过一次，但是可以自己再卡回去，之后没有再掉过，17寸的轮胎，胎缝挺大，很容易卡进去石子，开起来在狭窄通道能听到一些达拉达拉的声音，扣掉就没有了，别的问题暂时没有,消极
主要是外形，提速还可以，没有异响,积极
前挡开胶，经过不平路面摇晃严重，转向异响（通病），方向偏沉（还能接受）,消极
动力、油耗相当不错，省油、提速快，只要舍得给油，超车无压力。因为在磨合期，没上过120，等以后尝试后再改。,积极
4s店有点少，去一趟不是特别方便。但是车不就是能让你到更远的地方的交通工具么，而且观致的质量不错，开了这么久也没什么毛病。6年的质保也让人放心。所以其实也没有特别不满意。,消极
外观大气，视线好空间大,积极
车内设计感不强，一些扶手和储物格的角度大小弧度都有点别扭，其实这都是小问题，大问题是4s店太不专业，一遇到问题就爱送点不值钱也没实际意义的礼品来搪塞，咨询点问题也含含糊糊答不清楚,消极
韩国人不看电视吗？连后装电视位置都没,消极
商家送的赠品太假。。。不如当时不要赠品在把价钱降降了。挂倒挡有时异响，可能是我没停稳？,消极
前后后臂震太差，杀车距离长要是一汽前后后碟刹就好了，,消极
自己喜欢的.咋用咋满意??最最喜欢的就是我的四个铝合金大脚.,积极
我的骑士不到一年时，驾驶位和副驾驶位的玻璃在半开位时，异响严重，虽然到4s换了清水线，但没有解决根本问题，让人心烦，还有就是胎噪和风噪有些大。,消极
起步肉的啊，噪音大的呀，关后备箱时后排坐人就废了,消极
外观内饰感觉很上档次静音比奇骏好十二倍音响更是没得说的油漆比同价位的车好很多,积极
只有豪华版才有全景天窗，本来家属就特别喜欢全景天窗，这样显得有档次,消极
隔音效果还是有点不尽如人意，特别是高速的时候，只能开音乐盖过胎噪了。,消极
高速油耗很好！,积极
便宜吧，外观很漂亮，尤其是车头部的设计，我很喜欢，赞一赞,积极
噪音，当然对于这样价位的车子谈不上安静，可是咱有啥就得说，不满意的咱说出来让厂家改进些,消极
过陡坡水渠解困，非常完美。,积极
外观大气，不丢派，对于咱老百姓来讲够用了。,积极
漂亮的外观,积极
cvt的原因？动力较弱，起步的时候不狠踩就会被后面滴滴~~,消极
保时捷是我非常喜欢的一个品牌，卡宴刚出的时候我就深深被吸引了，并且体型宽大，乘坐和外观都很满意。,积极
空间座位配置,积极
配置高，多媒体功能非常棒，u盘下点喜欢的音乐听着歌开着车一点都不累。颜值高，外出开着很拉风，车体结构扎实过弯稳。,积极
样子老了点,消极
这车外型还是比较时尚，做工还有待提高，不过毕竟2w多点的车，总体来说还是比较满意。,积极
可能是排量小的原因，动力有点弱，主要体现在满员乘坐的时候起步有点吃力,消极
最最满意的还是空间，其次操控性也不错，车辆的做工还算勉强。,积极
一档不踩油门坡道起步熄火！！a住异常响动，下雨前门打开会淋雨，车辆100km会共振！有时候会把档位挂错！,消极
最不满意的就是胎噪上了，不过因为是19的轮圈，既然要拉风，这点也没什么大碍了，也能接受,消极
储物空间太少，手机没地方，停车票、零钱没地方，后排出风口太丑了！应该配电子手刹吧。,消极
没什么科技感,消极
胎噪和风噪特别大，特别是超过60以后，如果不开音响会感觉到嗡嗡的声响，跟不舒服。如果我妈坐我的车肯定会吐！,消极
怎么看都不腻，超爽，就喜欢这样又有动力又有颜值的车了。不说别的就说那霸气的前脸，还有那个有神的眼睛。给我的感觉就一个字帅，如果非要我两个字的话，那就是很帅，三个字就是非常帅。,积极
空间大，无论是拉货还是一大家子人坐着都不感觉拥挤，仿皮座椅坐着蛮舒适的！,积极
续航里程足够上下班使用,积极
最不满意的就是连空调也不标配，还有做工真的很一般，调节安全头枕的按钮不知道啥时候都掉了，,消极
内饰可以在升级下，内饰台老土了,消极
没有。硬要说有的就是1.6的动力稍弱了些，之前上论坛大家都说要买就买2.0。确实，1.6的动力仅仅是可以用，不能满足有强烈驾驶欲望的追求者，不过受限于钱包，只能这样了。,消极
油耗很低，我开700多公里油耗才6.9，一般新车油耗都很高的，这点必须赞,积极
噪音较为明显，在同级别中没有优势。,消极
发动机舱都没有隔音，跑高速的话，收音机的音量起码要开到25才能听到，还好自己是木耳朵，以后有钱再去做全车隔音吧。,消极
空间大，油耗低，关键是赚钱好帮手，皮实,积极
外观、声浪、性能,积极
轮胎窄，235的太秀气，20寸的大脚怎么也要配255的。车漆软，易掉漆。刹车盘不够大，刹车比较软。,消极
1.路虎牌子（豪华越野suv代表）；2.空间，在同级suv越野车中应该是最大；2.坐姿高、视野好，比原轿车好很多；3.外形超喜欢，特别是屁股和尾灯。,积极
途安l车主最看重的应该是高效方便多功能的空间利用，然后是主被动安全性，不错的驾乘感受，这些都有了，动力及操控方面不比较同级别大多数轿车。值得肯定，平时使用很轻松，平均油耗7升左右，比较经济省油。,积极
油耗非常经济，dct变速箱换挡平顺、升降挡适当配合油门非常的及时主动，配备上坡辅助对于俺们新手来说是一大解放，刹车系统配置完善安全感强。,积极
外观，看前面不像面包。,积极
这个车的性价比高，没出现过啥大故障。,积极
内饰的中控台部分以及门板如果使用软质皮质包裹会更满意。,消极
胎噪，快速路上行驶时，可能是发动机仓太安静的缘故，胎噪特别明显。方向盘喇叭太小声，完全是电瓶车级别的。前车灯光感觉亮度不足，这样价位的车子就算没有led大灯，至少也给个氙气好麽。。。,消极
外观大气，时尚，车内储物空间多，实用，中央扶手储物巨大。,积极
外观不好看，轻微黑烟,消极
空间、颜值、隔音,积极
简配严重（简配了许多实用装置不厚道啊）,消极
后备箱盖不知什么原因有裂痕。,消极
外观，究竟如何去定义欧力威这台车？其实我也不太明白，买之前就是心想着买台面包车就够了的想法去选车，而欧力威却是用面包车的价格买了非面包的车。,积极
座椅太短，舒适度欠佳,消极
车屁股太“平板”了，有点难看，可能是车身较大，所以整辆车看起来像个“大胖子”，看论坛其他车友说了不少小毛病，希望我人品好，接下来车子没有什么问题。,消极
乘坐空间的多变和舒适兼顾性很好,积极
帅气优雅的外形，精致的内饰，当然还有稳健的底盘了。,积极
动力肉，各个塑料件装配工艺差，这个是磨具的事，希望厂家以后用心去做,消极
前置前驱的是我选择这款车的最重要一点，我之前是一个长安之星，1.2的排量油耗真的很高，现在的优雅二代1.5的还比长安的省油，还有就是这车噪音比较小，发动机也表现的挺不错的！,积极
动力强劲、配置丰富。,积极
楼下第一点，空间！,消极
刚买好降价两万，比较坑！,消极
1.6的排量感觉还是不够，一档起步必须立即二档才感觉加得起速度来，一档感觉太肉没多大感觉，不过家用的话应该还是够用,消极
不限行，不摇号，油电费便宜！,积极
最满意的地方是操控性，并线超车过弯还是很顺畅必须点赞，底盘比较整，外观符合我的审美，中控仪表盘使用很方便，比某欧强很多。,积极
d档模式下偶尔换挡的时候会有很强烈的顿挫感，调校上还有待进一步优化,消极
1.8l的发动机高校不够合理，配合cvt无级变速箱加速时感觉无力。配了透镜大灯，但夜间效果真的是很一般，而且现在的电路难道供不起两组大灯同时点亮么？为什么远灯的时候近灯不能一起亮着？,消极
裸车配置基本齐全，该有的都有了,积极
异响右前轮异响,消极
动力和油耗，动力偏弱，油耗偏高，可能磨合期过后会好一点吧，日后再来追加一下油耗,消极
按键生硬，用力小拉不动。用力大总怕给按坏的感觉！纠结,消极
空间大，配置相对较丰富。,积极
外观太拉轰了，虽然这车已经烂大街，但是回头率还是杠杠的，毕竟保时捷。。,积极
空间。这个要夸一下。买他就是因为空间大，本人1.82米。重100公斤。第一排和第二排的空间没得说。,积极
空间，空间，空间,积极
动力是必须的，只要过了30，感觉动力随叫随到，s档感觉要起飞了。内饰用料很好，朋友们都说好看，4s店比较靠谱，优惠3万外加一套导航什么的。,积极
车门上有个像面包车一样的锁门拉手…还有就是防爆胎…太硬了…,消极
最满意的就是空间，18寸轮毂，操控，还有配置，多媒体也挺不错，反应挺快，基本上没有卡顿，最好的是有手机互联功能,积极
车子稳定性较好,积极
空间大、通过性强、动力充沛,积极
外型好看，室内简单豪华，通过性强。,积极
焟烛灯，电动车式的喇叭声，高速上怕都听不到！没有时钟，减震硬。备胎非全尺寸，空调躁音大。,消极
小毛病不像别人说的那么多，挺少，大毛病没有。,积极
车子的空间，内饰，外观。,积极
油耗偏高，刹车有点响声,消极
后制动不行，新车年检是过不了的．每次年检都要找黄牛，而且一次比一次贵；,消极
车子刚开不常时间，没有感到太大的毛病，上坡时感觉排量有点小，有点吃力，毕竟1.5l的排量，上坡肯定是会吃点力的，排量大的车也贵啊！动力大了，平时行驶时也会费油，鱼和熊掌不能兼得啊！,消极
略显老气了，毕竟是2004年引进来的车型，比起朗动、k3等车型外观跟不上时代的步伐了。,消极
最满意得是空间，外观，油耗。油耗出乎我的意料，操控也很舒服。当搬家的时候就知道空间大的好处了！呵呵！,积极
停车自动熄火配置不合理。即使停几秒他都熄火，车走自动开启。所以每次点火后首先手动关闭自动启停按钮。建议厂家改为默认关闭。,消极
竟然没有发动机转速表。,消极
外形帅气,积极
小众车，品牌推广几乎无,消极
细节有待提高：车窗玻璃升降时摩擦密封条有声音，问4s店说是因为密封条太紧导致的，时间长了就没事了，姑且相信用用再说。虽说这个价位的车在小部件的采购上不可能用太上档次的，但还是希望厂家能更尽力些。,消极
价格高没有优惠配置太低,消极
音响绝对,积极
整车都是拼装的，所以零件来自天南海北,消极
不一样的驾驶感受！,积极
jeep的感觉,积极
讴歌独特的日系品牌。舒适好开，易于驾驶。,积极
省油及空间,积极
当然是个性的外观，甲壳虫这款车我相信基本上每个人都会喜欢她个性的外观。而且最重要的是无框车门！！无框车门！！无框车门！！挡玻璃降下开门那一刻，爽！,积极
目前还没有明显的缺点，哦就是五千多公里的时候出现工作台异响，有点儿郁闷。,消极
性价比高，不到10万入手，我感觉还是很划算的。,积极
前后排头部都有点压抑,消极
"舒适,坐姿高,视野好,安全配置好",积极
油耗，九座车经常满员，有时候还会兼职拉货，新车油耗将近12升百公里，现在已经降到了10升百公里，感觉非常不错了！,积极
销魂的外观，同级别顶尖的操控，低油耗，高性价比！,积极
1档起步有点肉；局部油漆太薄，门边有地方都露底了。,消极
没有led大灯，也没有最新的智能互联，中控显示信息太少，led仪表都浪费了！,消极
还有就是冷暖空调效果非常好，开空调对动力影响也不是很大，几分钟就能把温度降下来，爽！,积极
最满意的我选操控！对于长春这座堵城、坑城来说，操控远比动力更实用一些。举例说明，长春的老司机们应该会明白临河街上的各种堵，各种坑，各种井盖吧，没有好的操控性是无法在临河街驰骋的，所以阿特兹给我自信。,积极
动力、地盘以及音响。（马6音响在诸多原厂车当中算是很屌的！）外形更屌！,积极
没有后头枕，前档排水槽漏水，下雨、洗车就漏水，能漏到前减震螺丝上、防火墙的棉垫，已按论坛的方法打胶填充了，但还是会漏，找4儿子也没办法说这车就这样开吧，居然说棉垫不怕水严重鄙视。,消极
刹车踏板偏小，座椅通风椅背发烫，后排中央扶手按键容易误碰，车窗按键有些靠前。,消极
后备箱空间不是很大，外出旅游放了两个行李箱基本就放不了什么。开车倒车时候不舒服，后视镜调的角度不够大，看位有点吃力，倒车雷达也不算很灵敏。,消极
刹车声响，起步转速高但是反应又迟钝，重油门就会有顿挫，后排比较震，无车窗摇控升降功能，发动机舱右边比较热,消极
冷车偶尔有异响！,消极
动力表现不错，提速轻快，刹车制动也不错，配置增加不少，价格很亲妈,积极
外观范有点太沉重，感觉缺少点年轻的气息，当然时尚感是不缺乏的，可能是因为车身太大太长的原因了，内心总有点小别扭，不是要表达自己年轻时尚奥，主要是车的看法，理解要到位。呵呵。,消极
出色的动力，先进的科技，动人的魅力，和优秀的品质！,积极
性价比高，4.29万就能入手买车，园了很多人的汽车梦，安全性好，1.2t自重，刹车好，,积极
外观属于我喜爱的类型，大天窗、电子驻车、中控、led尾灯，轮毂、c柱都超爱。,积极
各种科技配置安全时尚,积极
异响很烦，过坑也会听到响声，关键还找不到哪里响，后排出风口没有，自动落锁没有，好几次都忘记锁车，这么大车16的轮毂显得小了轮毂,消极
有60次保养,积极
最不满意的，额，其实还都可以接受。挑毛病的话就是噪音问题了。,消极
倒挡没同步器难挂最要命是最近驾驶车门颠簸异响，大的半坡起步时要摸熄火，要摸挠胎很难控制,消极
底盘较低,消极
车内usb接口太少，有时候完全不够用。备胎尺寸非全尺寸，厂家在备胎上做文章，显得有点狡猾。,消极
运动模式下排气管的声浪，震震吼叫，许多路人看过来。在路边经常有人拿手机拍照。,积极
车子外观很美，,积极
最满意是综合的表现，以这个价钱来说能有这个综合表现，已经很满意了。特别满意底盘及超控感，超过同价车辆很多。车的综合质感不会显得太廉价。,积极
中段加速持续有力，超车很有信心，在城区行驶动力足够，涡轮介入期间扭矩250牛米，秒杀同级别任何车型。,积极
空间大，没的说，再小也叫suv，全家人出行没问题。外观设计很满意，动感时尚，线条美观，前脸霸气后面饱满，有点前凸后翘啦！,积极
车身高,消极
神车嘛！动力和配置,积极
外形好似朗行，但还是比较耐看的,积极
1.6的发动机拉着1.35t的车子，在城市开着空调对于我这个新手确实感觉有点不足。特别是在红绿灯的时候，感觉不好起步。估计和自己的驾驶技术的有关。,消极
全景影像，外观，空间超满意，动力在2000转时随叫随到，超车杠杠的，推背感，推背感，推背感。那叫一个爽。,积极
油耗和操控,积极
强劲的低速四驱，宽敞的空间，简单够用的豪华配置！这个给用户节约了不必要的成本。其实现在车上好多配置用户估计也就买的时候试用了一下。,积极
做工一般，噪音稍大。,消极
后备箱空间小了点。,消极
根据这段时间的用车来说就是减震没有那么好，走山路或减速带是有点颠簸，总之用车时间短，没有什么特别不满意的，祈祷后续用车不会有大问题出现。,消极
动力确实是差点劲！不过也还是过得去的～关起停，挂运动～,消极
刹车感觉有点软，和同级别价位的车比起来肯定是有点逊色，但是还好了，以后有机会好好改装下。毕竟车无完车，人无完人啊~,消极
颜值超车绝对给力,积极
外观小巧，灵活，底盘高，同价位配置比较丰富,积极
最满意就是我的梦想实现了，开上了路??，最喜欢的就是驾驶时的激情，偶尔看到那些qq和日本车毫不犹豫超在它前面。他只能看我的屁股。,积极
内饰做工，感觉内饰的材料太差了，而且中控台上面两个圆形的出风口也是醉了，太有损美感了，还有就是换挡比较迟钝，其他的来说还是相对不错的。,消极
零排放，对环境有好处，电价比油价便宜,积极
没有，非要来点的话，能和福特f150一样的外观尺寸就更好了。,消极
油耗有点高，新车加上是新手的缘故,消极
到国内，从里到外都减配，太失望！,消极
应该没有吧在她看来全是满意的地方??越来越喜欢,消极
外观很干练。,积极
操控较好、底盘稳、油耗不高，前排空间比较舒适,积极
非要说不满意，那就是我买完才发现这是辆前驱车，只能手刹甩尾漂移……（我的错）,消极
自动启停太过灵敏，刹车稍微松一点就又发动了。,消极
副驾驶座椅不能前后移动第二排座椅靠背不能向后放倒,消极
操控非常不错，手机的魔方系统很好用,积极
整体的调教，加速稳定，尾排声迷人,积极
外观，外观设计还可以！很年轻的设计，很像朗行。比较满意的一点，当初也是看中了外观,积极
坐上3个人以后马力小的短板显现了。安全性是a0级车的级别，自己自觉地避免激烈驾驶。储物空间就那些。中控锁上锁/解锁键省了，只有驾驶员门把手上的拨钮代替。,消极
要说最不满意的就是配置了，按说10万左右的国产车里面没有比m7配置再寒酸的了！！！,消极
过江过桥不限号，不收费。花费少，省钱。,积极
外形漂亮，很有设计感！,积极
我对这款车的质量是相当的满意的，每次看到里面的三大件就有一种很放心的感觉呢，因为一辆车的好坏最重要的就是里面的三大件，只要是质量过硬的车子才是可以长期放心使用的轿车呢。,积极
后备箱空间太小了一点，尾灯造型不大man，打算熏黑,消极
空间很大，后备厢超赞，外观也不错,积极
卤素大灯不太给力，外观也不及高配黑底的霸气，还有就是4儿子店不能加定速巡航，跑高速脚太累了。还有跑烂路后，脚踏板靠近后轮的地方会堆起一层泥巴，上车是全粘鞋底了，啊啊啊。。。,消极
油耗吧，真是大大低于预期，339公里中有120公里为高速，另外一半市区，一半郊区吧。我住的地方不堵，市中心爆堵只开了不到20公里吧。,积极
各类声音控制,消极
起步稍肉，因为目前磨合期不敢踩油门，变速箱默认换档转速略高，在城市车多的情况下对燃油经济性的表现有折扣，在拥堵路段跟车也是一样的情况。18寸马牌轮胎容易嵌入小石子。,消极
车内收音机倒车不好挂4s店服务速度太慢,消极
爸妈有点不满意的地方就是颜色，因为給老人开他们感觉颜色靓丽了点，年轻态吗也无所谓了，我是喜欢。,消极
最满意的一点就是别的外观和发动机的提速，挂档好挂，车的空间非常宽敞，变速箱是爱信的。尤其是提速，很满意。,积极
后备箱空间稍小，爱钩鱼的我，一个人的装备都只能勉强放下。,消极
4s店保养费用高，不如外面便宜。,消极
油耗起步、油耗起步、油耗起步。。。视野也比较高看着舒服些，配置丰富，中控比图片好看。手动噪音小哦,积极
油耗低，隔音好，后排空间大，动力不错,积极
悬挂稍硬，漆皮相对来说感觉还是薄。,消极
性价比挺高的，外观大气，耗油不高，,积极
刹车很硬，一点就杀死，,消极
最不满意得就是。这车要是弄个双出菊花车子更完美了，哈哈，发动机声音有大了点，不过这些都是可以接受的范围，没声音哪来的动力？,消极
整车外形看着很满意、性价比高，全系标配esp。没开过什么好车、个人感觉空间适中。,积极
空间大、操控性强，外观是自己喜欢的类型，安全性也一直是自己满意的地方。,积极
虽然有一键启动但机械钥匙做工太差了吧！找个学徒都能配，分分钟给你车打开。虽然开不走但可以开车门可以开后仓真心不应该.前盖打开后散热和保险扛离的也太远了这地方浪费了.,消极
最不满意的就是胎躁比较大特别是水泥路！那种声音可不是一般人能忍受得了的，可以看出隔音效果还得完善，希望厂家多注意这方面,消极
外观设计很适合年轻人开，同事坐我车说这车空间比宝来的都大（他开的是新宝来1.6的）,积极
外形很帅，v6发动机动力不解释，这个价位做的很良心,积极
自动启停有点麻烦，上车前需要关闭,消极
空间大，特别静音，隔音效果很好！音响效果挺好！坐着舒服，底盘很好，大灯很棒！减震不错！动力可以，没说的那么差！超出我的预期！,积极
要是再给个一键升窗系统就好了，差评,消极
后备箱无法放倒特别是需要装载比较长的东西时后备箱无法遥控开启手上有东西时超不方便细节做工有待提高,消极
主要还是换挡顿挫的问题，一直在一档和二档之间，升挡不积极。也许和磨合期有关，但还需要去检查一下。,消极
助力很轻,积极
暂时还没发现什么大毛病,积极
座椅皮质和舒适,积极
油门给多了，发动机的确噪音大，适合慢慢开。,消极
空间大，乘客舒适性好，适合家庭出行,积极
不满意就是油漆比较薄，还有路上的小石子有时候飞起来打在底盘声音比较让人讨厌，听说做底盘装甲可以解决，但是我没做。,消极
噪音大，避震效果不是很理想,消极
帅到没有朋友,积极
做工一般，ab柱与车门接缝处不平整,消极
车内环保。两天基本什么味道都没了。操控性很棒。尤其过弯。,积极
后排座椅稍短，个别地方做工稍有瑕疵。,消极
油耗非常省油,积极
外形大气稳重，比较适合我等年纪；动力输出充沛，崇尚家用足够有余。,积极
这个真不错谢谢,积极
"外型很man,给人一种很力量、很硬朗的感觉。车内空间够大，我们是双独家庭，带上双方的父母和孩子一起出去，一点都不挤。",积极
对于这个价位的车我除了对这款车的变速箱不满意其他都很满意,积极
外观高大上,积极
无与伦比的外观,积极
没有倒车雷达,消极
可惜自己兜里资金不足，买的是中配的，还是很喜欢天窗的。,消极
噪音大。,消极
轮胎，动力,积极
现在跑了2600公里了油耗8.3也可能是新车还没过磨合期的也有可能是自己的驾驶技术有时间朋友也开车所以油耗个人感觉还是有点高过了磨合期上高速在拉拉,消极
七座suv，里面空间配置都满意。,积极
外观，圆润的造型，特别喜欢胖q的外形，价格也还不错。,积极
加速快，外观时尚，价格合理性价比高，补贴多，市内行驶无敌，车身小可随便穿梭，灵活小巧的电动小钢炮。,积极
外形超级炫很喜欢，看上去很霸气，而且车的空间也大，家用商用都十分的适合，而且很便宜,积极
发动机动力充沛，sport模式已经很猛，sport模式见谁秒谁外观线条很美侧面看起来比x6协调动感里又多了点优雅,积极
外观漂亮，自动化程度高，自动大灯，自感应雨刷，熄火开门自动挂p档，自动拉手刹，hold功能很实用,积极
这个价位也就这样物有所值，目前还没有什么毛病。,消极
配置高上，动力系统1.6直喷不会感觉肉，中控简约大方，仪表看上去很舒服。,积极
最满意车子的整体外形，新款的加长版本，后排空间大，适合全家使用。大灯也改成led的了，但是又把透镜给省了，内室氛围灯晚上还挺好看，但是奔驰有三种颜色啊，宝马就一种颜色，哎！,积极
车漆出现了黄点出现的挺多的内部空间太小,消极
觉得1.5t的动力还是差了些，虽可以满足平常上下班，城市道路的行驶。但是周末自驾走些山路动力还是有些软。,消极
空间和配置,积极
耗电量比较小，充电也方便，降低了驾驶成本,积极
开车踩加速踏板有延迟，减震不好,消极
停车的时候，有太多人过来围观，经常问同样的问题。,消极
配置不够到位：灯光晚上太暗了，油箱相比油耗太小了些，钥匙和加油盖也太原始了，其它所以有点科技含量的配置就不说了。。。,消极
发动机转速比较高，隔音不是很好，总感觉有时候声音较大。,消极
讲真空间真的有点小，前排坐人标轴后面基本没法坐170以上的人。不过平时也是两口人用，倒是不会有太大的影响。最重要的一点，竟然没有后排放倒。。。看在利用率低的份上倒也罢了。家里的第二辆车能满足基本需求。,消极
这个车的动力非常的好，将近六米的车身但是一点也没有感觉到笨重，动力可以说是随叫随到，越野能力也非常出色无论是穿越还是玩沙漠，雪地表现也非常好的。,积极
后排空间小,消极
起步动力有点弱，注意是“起步”。,消极
外观内饰空间等等,积极
底盘，还是底盘。就是冲着雪铁龙优异的行驶质感来的，而这行驶质感，是有很多方面造就的，底盘是最重要的一点；,积极
我提的是2.0t自精版，最喜欢的就是1、空间大，拉7个人轻轻松松，后备箱还可以放货；2、坐姿高，舒服，开长途不累；3、高速上很稳，150以下没有发飘的感觉；4、只要你舍得给油，他就敢给你推背加速。,积极
没有电动尾门，副驾手动调节,消极
这个价格居然不是b级车，和家里的雅阁价钱差不多，不管是空间还是静音都差好多，车身太重，在堵车和红绿灯多的情况下耗电太多,消极
储物空间设计不方便，前大灯不给力，后排座椅没中间头枕且不能放倒，非全尺寸备胎。,消极
汽车隔音一般。车身皮薄。,消极
3万多公里，变速箱压盘又出毛病了，这是第二个了。再说我也不是新手，来十多年了，我的箱货6年了，也没处过这毛病啊！,消极
内饰做工稍差！用料还可以，就是有些地方做工略显粗糙。,消极
膈音效果不是特别好如果加强点膈音效果感觉应该非常不错,消极
"外观,内饰,动力性,空间",积极
这个价位的车连个倒车影像都要自己另加真坑爹,消极
"最满意的就是圆了儿时梦想，有了一台马六,希望它能承载着梦想一路前进。",积极
车漆太软司机坐椅背不好车胎声大但比较耐磨,消极
车速在40～50左右的时候会有些抖动的感觉。然后就是太长了,消极
就问这个价格。什么配置？什么内饰？,消极
有铝轮毂，天窗，大空间，霸气的前脸，大储物格，5万的价格，都不错！,积极
最满意当然还是外观了，霸气威武,积极
省油外观也挺适合年轻人的电动助力方向盘很轻易很适合女士开2-3小时一点也不累后排也挺出众的一家五口绝对够用大大的给点个赞,积极
拉送货多。空间大，油低。,积极
车漆车漆车漆车漆车漆车漆钣金钣金钣金钣金钣金钣金,消极
综合油耗16l，市区占比大约90%，比较高，而且只能加97，走过一次短途的高速，高速平均油耗，在坐满5个人的情况下能到12l左右，总体来说将将能接受。,消极
1，安全配置不够到位，侧面、腿部保护不太到位，主动安全保护方面无主动刹车装置。2，作为1.5t的顶配，全景影像缺失，没有前置摄像头，对于新手停车不便。3，互联网功能滞后。,消极
空调噪音大，低配没有多功能方向盘,消极
驾驶过程中很轻松，舒适。,积极
动力吧，车子这么大，2.0的排量在起步的时候感觉不够用。,消极
外观像五菱宏光，可以说是五菱宏光的翻版，外观设计还没有摆脱这个类型车型的常规思路。,消极
价格便宜配置高空间大,积极
油耗中和的油耗算下来大概在10到11哥油,消极
没有出现什么大问题就是最满意的。,积极
空间很大，,积极
油耗，1.3的居然还7.8的油耗,消极
很不错，基本就是前排坐人，后排忽略~！,积极
回头率太高。,消极
外形大爱啊，都没有关注过这款车，转进4s店一眼就喜欢上了，没有补习直接订车！,积极
40万买到一个80万的路虎,积极
多说几句吧：1、动力强劲、隔音效果好；2、真皮内饰，还不错；3、装b功能挺多，实用性一般，比如迎宾灯，电动后备箱...4、高速挺稳，比以前那个肉车强多了；,积极
外观霸气，动力强劲，音响震撼，,积极
胎噪感觉大了点，尤其是后座位置,消极
前排要找个地方放手机都很难，只能占用杯架；堵车时候时速15-25之间如果再遇到下坡路，顿挫感会比较明显，有一拽一拽的感觉；后排中间凸起有点高,消极
后排空间太窄，空调无后排出风口！,消极
最不满意的话，应该是变数箱吧，降档没有那么迅速，大油门才会响应快点。不过比较喜欢大油门涡轮介入的那种推背感。,消极
外观，动力，坐姿高人性化电动尾门侧移门，无钥匙进入系统，后来还有人性化的usb充电插口总之挺人性化的,积极
谢谢！,积极
内饰稍微差一点，国产车的通病,消极
后排空间和后备箱较小；山路爬坡稍感吃力。,消极
最喜欢的当然是外观和动力。不过2016款得内部也做的非常好了。不管是中控还是天窗。定速巡航也都有。,积极
